Yorumlar,Duygu
"Adam doÄŸru demiÅŸ olumsuz bir durum yok istikrarlÄ± bir ÅŸekilde yolcu seÃ§meye l,deÄŸiÅŸim saatlerine ve kÄ±sa mesafe almama hususundaki hassasiyete riayet edililiyor",3
Åu aralar hastaneye gidip geliyorum ve taksi tutmam gerekiyor. Duraktan Ã§aÄŸÄ±rdÄ±ÄŸÄ±m takside sorun yok ama hastane Ã¶nÃ¼nden bindiÄŸim taksicilerin hepsiyle de sorun yaÅŸadÄ±m nasÄ±l olumsuz biÅŸey yokmuÅŸ ya. Gitsin herhangi bi hastane Ã¶nÃ¼nden binsin bakalÄ±m taksiye,1
"Olumsuz bir durumla karÅŸÄ±laÅŸmadÄ±k derken?, halÃ¢ taksiciler mÃ¼ÅŸterileri kazÄ±klÄ±yor, halÃ¢ yolu uzatÄ±yor, elhamdÃ¼lillah halÃ¢ Arap turistleri alÄ±p TÃ¼rkleri yolda bÄ±rakÄ±yor. Durum deÄŸiÅŸirse haber veririz ama henÃ¼z olumsuz biÅŸey yok.",1
KarÅŸÄ±laÅŸmazsÄ±nÄ±z Ekrem baÅŸkan kÃ¶klerini kuruttu.,1
Bende karÅŸÄ±laÅŸmadÄ±m Ã§Ã¼nkÃ¼ Ä°stanbulâ€™da deÄŸilim,2
Bu adamin ne vasfi var ki surekli her haberde karsimda. Essege altin semer vurmuslar essek yine essek. Bu da ayni,1
Aynen martÄ± TAG kullanmaya devam bildiÄŸiin UBER gibi olmuÅŸ Ã§ok gÃ¼zel uygulama taksilerden bin kat daha iyi.,3
EyÃ¼p Aksu ya gÃ¶re olumsuz durum : TÃ¼rk vatandaÅŸlarÄ±nÄ±n taksiye binmesi,2
Olsada yok dersin,1
"Olumsuz bir durumla karÅŸÄ±laÅŸmaman Ã§ok olumsuz bir durum, gÃ¶zleri gÃ¶ren birini yollasalardÄ± keÅŸke denetime",2
KÃ¶rler saÄŸÄ±rlar birbirini aÄŸÄ±rlar..!,1
karÅŸÄ±laÅŸana kadar zaten yolu uzatÄ±yosunuz dayÄ± sjsjebwbws,2
"E ne yapsÄ±n o da haklÄ±. BaÅŸkanlÄ±k seÃ§iminde oylarÄ± taksiye alÄ±nmayan vatandaÅŸlar deÄŸil, taksi plakalarÄ± sahipleri ve taksiciler veriyor. AdamÄ±n vatandaÅŸÄ±n memnuniyeti ile zerre ilgisi ve umuru yok!",2
Tek bir olumsuz durum var o da senin hala baÅŸkan olarak vazifeni yÃ¼rÃ¼tememen.,1
Sizce olumsuz bir durumla karÅŸÄ±laÅŸtÄ±k dermi tabiki demez,2
Ä°nsan kendi ayaÄŸÄ±na sÄ±kar mÄ± ?,1
Hadi be oradan daha bi saat Ã¶nce tÃ¼rk olduÄŸum iÃ§in yolcu olamayacaÄŸÄ±m muameleye maruz kaldÄ±m,2
MaÅŸallah,3
BaÅŸkan olman dÄ±ÅŸÄ±nda olumsuzluk yok adam haklÄ± beyler,3
Bu adamÄ±n Åahin Kâ€™ya benzerligi beni korkutuyor,1
Fark etmez aynÄ± iÅŸi yapÄ±yorlar ama sektÃ¶r farklÄ±,2
"En son bindiÄŸim takside ben arka koltuÄŸun kokusuna tahammÃ¼l etmeye Ã§alÄ±ÅŸÄ±rken ÅŸÃ¶fÃ¶r borcunu (~32bin TL) alamazsa kayÄ±nÃ§osunu nasÄ±l kurÅŸuna dizeceÄŸini, daha Ã¶nce hapis yattÄ±ÄŸÄ±nÄ±, bir daha yatmanÄ±n ona koymayacaÄŸÄ±nÄ±, hapiste yaÅŸamÄ±n Ä°stanbul'dan kolay olduÄŸunu anlatÄ±yordu.",1
bir hakim kendine ceza verebilir mi,2
Denetim i bizzat sen yaparsan o Dev asa halinden hemen tanÄ±nÄ±rsÄ±n tabiiki.Denetim olacaÄŸÄ±nÄ± haber vermeden bile...,3
Hep olumlu yapÄ±yorlar heryer  olumlu olumlu dÃ¼ÅŸÃ¼nÃ¼n biraz canÄ±m sizde aaa,2
â€œOlumsuz bir durumla karÅŸÄ±laÅŸmadÄ±k!â€ yalancÄ±lar.,1
Oda baÅŸkanÄ±sÄ±n sanada mÄ± nereye gidiyorsun diye soracaklar?,2
Adam komedi her anlamda.Recep Ivedik teki adama benziyor.,2
Ä°stersen bi de Esenyurta gel bak. Normal vatandaÅŸ almiyolar ,1
Esenyurt'ta normal vatandaÅŸ kaldÄ±mÄ± hala? Ben oraya gelirken yanÄ±mda pasaportumu getiriyorum.,2
Suriyeliler iÅŸte bu yÃ¼zdengÃ¶ndermemizlaxÄ±m,2
Suriyeliler sagolsun,2
koymuÅŸuz 180 bin,3
birdaki jenerasyon la. birlikte 100 milyonu buluruz hayvan gibi cocuk yapiyorlar yeminlen cildiricam ya yaziklar olsn halen oy toplama pesindeler,1
KadÄ±nlar erkeklerden fazlaydÄ± Ã¶ldÃ¼rÃ¼le Ã¶ldÃ¼rÃ¼le azalmÄ±ÅŸÄ±z iyice,2
KadÄ±nlarÄ±n az olmasÄ± Ã¶ldÃ¼rÃ¼lmesidir,1
100 milyon olmasi lazim mÃ¼ltecileri de dahil ederseniz,2
Tuike inanan hulkuda inanÄ±yordur .d,2
8 milyon Suriyeli 2 milyon Afgan 100 e yakÄ±n ortalama,2
Hocam kadÄ±n artÄ±k 42m 252bin 171,2
Bu iyi birÅŸey mi yoksa kÃ¶tÃ¼ birÅŸey mi?,2
85 Milyonun KaÃ§ Milyonu Arap? ,2
KadÄ±nlar Ã¶ldÃ¼rÃ¼lmesi daha Ã§ok olabilirdi ,2
eÅŸitliÄŸe adÄ±m adÄ±m,2
Erkekler nasÄ±l fazla Ã§Ä±kar ? Gelen AfganlarÄ± da mÄ± saydÄ±nÄ±z,2
Messiâ€™nin de 398MN takipÃ§isi var ,2
Bende diyom benim hakkÄ±mÄ± kim yiyor,1
Erkeklerin fazla olmasÄ± iyi oldu,1
KadÄ±nlar Ã¶ldÃ¼rÃ¼lmekten azlar !!!!!!,1
"KaÃ§aklarla, sÄ±ÄŸÄ±nmacÄ±larla beraber 100 milyon vardÄ±r...",2
mÃ¼lteci eklenmemiÅŸ halidir,2
Neden kÄ±z arkadaÅŸÄ±m yok sorusuna cevap buldum,2
NasÄ± yani kadÄ±n erkek eÅŸit mi!? ,2
Kendi milletim kaÃ§tane,2
cok kalabalÄ±k oldu mÃ¼ltecileri dÄ±ÅŸarÄ± alalÄ±m,2
GenÃ§ nÃ¼fus oranÄ± azalmÄ±ÅŸ. Allah BelanÄ±zÄ± versin.. Allah BelanÄ±zÄ± versin. Allah BelanÄ±zÄ± versin,2
2022 de deÄŸil miyiz,2
DÃ¶nenler kaÃ§ kiÅŸi,2
Erkekler olarak zaferimizi kutlayalÄ±m,3
Erkeklerin sayÄ±sÄ± azalÄ±yor,2
Ãœlkede 42 milyon kadÄ±n var bi tane beni seven yok,1
aynen knk,3
Suriler dahil mi,2
Olm neden yanlÄ±zÄ±z mk eÅŸitiz iÅŸte,2
Getirilen vatandaÅŸlÄ±ÄŸa alÄ±nan suriyeliler afganlar yabancÄ±lar nerede onlarÄ± sayÄ±sÄ± nerede o zaman ?,2
Ä°Ã§imizde araplarda var..,2
Su an 90 milyon,2
KoymuÅŸuz,3
Ä°ÄŸrenÃ§ yorumlar iÄŸrenÃ§ zihniyetler,1
20 milyonu gÃ¶Ã§men,2
Benim halkÄ±mÄ± kim yiyor aqq,1
84 milyon insan bizi izliyor,2
100 milyondan asagi olmadigimizi sokaktaki kedi bile biliyor 12 milyon suriyeli 8 milyonda turkmen afgan ozbek pakistanli iranli,2
Tam manitaya atmalÄ±k post,3
SÃ¼riler dahil mi bu sayida,2
Suri afgan ve sivaslilar olmasa fazla kalabalik degiliz aslinda,2
Ve hÃ¢lÃ¢ sapÄ±m,1
Suri Afgan and AfrikalÄ± hariÃ§ onlarla heralde 150 falan,2
Bence vatandaÅŸlÄ±k verilen mÃ¼ltecileri Ã§Ä±karsan eÅŸitiz ,2
"Ohhh 2 erkek hakkÄ±m doÄŸdu,",2
Bizim  kadarda  mÃ¼lteci arap  vardÄ±r  net,2
Suriyelileri de saysaydÄ±nÄ±z,2
42.2milyondan seni seÃ§miÅŸim ve sen beni engellemiÅŸsin a be kÄ±zÄ±m yazÄ±k ettin,2
Lan araplar base atsa esenyurta geri dÃ¶nerler 84m yazmÄ±ÅŸsÄ±nÄ±z hala aw en aÅŸaÄŸÄ± 95m,1
KaÃ§ tanesi suriyeli ,2
"Erkek kadÄ±n nasÄ±l eÅŸit aga? Nereye baksam erkek, nerde bu kÄ±zlar",2
MÃ¼kremini hangi tarafa yazdÄ±nÄ±z,2
"5 milyon afgan,suriyeli,pakistanlÄ± vs erkeÄŸi dÃ¼ÅŸ kadÄ±nlar daha fazla",2
RakamlarÄ±n Ã§oÄŸu mÃ¼lteci,2
bir 10 milyonu Suriyeli zaten,2
Her erkege 1 Bayan,2
42 milyon kadÄ±n ve yine yanlizim,2
200 bin civarÄ±nda fazla rakip var,2
ERKEK KADINDAN ÃœSTÃœNMÃœÅ DEMEK KÄ°,1
Ve ruh ikizini bulamayan ben,2
Herkese ÅŸapka daÄŸÄ±tÄ±lmalÄ±..,2
Ulan kadÄ±n erkek sayÄ±sÄ± eÅŸit gibi ama deÄŸil gibi bu ne,2
2023 e giriyoruz ama neyse,2
Ben niye yalnÄ±zÄ±m lan o zaman,2
16 milyon suri+slav+arap,2
"KadÄ±n krizi var, Ã§Ã¶zÃ¼lmesi lazÄ±m.",2
Esenyurt'u tekrar saysÄ±nlar.,2
BunlarÄ±n coÄŸu suriyeli afrikalÄ± turkmen afkan liste uzuyor gidiyor azÄ±nlÄ±ktayÄ±z amq yol geÃ§en hanÄ± oldu Ã¼lke,1
Erkek nÃ¼fusun fazlalÄ±ligini Suriyeliler oluÅŸturuyor,2
2023 giriyoruz,2
AÃ§Ä±kta kalan 175k erkekten biri olmak gurur verici,2
BakÄ±ldÄ±ÄŸÄ±nda 200 bin kiÅŸi hariÃ§ herkesleri var gÃ¶rÃ¼nÃ¼yor sanÄ±rÄ±m eÅŸsiz kalan 200 bin iÃ§indeyim ,2
Ã‡ok mÃ¼thiÅŸ bir maÃ§tÄ± zevkle izledik,3
Makron'nun Ã¼zÃ¼lmesine  sevindim. ,3
Fransa kazanmadÄ± ya!!! tebrikler ÅŸampiyon Arjantin ,3
Fransa kazanmadÄ± ya ,3
Bunu tutuyorum Ã§Ã¼nkÃ¼ elime ÅŸuaaan,2
"Yedek kulÃ¼besinde takÄ±mÄ±nÄ±n kazanmasÄ±nÄ± bekleyerek deÄŸil, her maÃ§a Ã§Ä±kÄ±p hepsinde gol ve asist yaparak zaten bu kupayÄ± en Ã§ok o haketti ve dÃ¼nya kupasÄ±nÄ± da alarak bÃ¼tÃ¼n kupalarÄ± tamamladÄ± bay kusursuz ",3
Final Arjantinâ€™in hakkÄ±ydÄ±. Fransa kesinlikle kendine yakÄ±ÅŸÄ±r ÅŸekilde oynamadÄ±. Ne olursa olsun iÃ§inde TÃ¼rkiyeâ€™nin olmadÄ±ÄŸÄ± bir DÃ¼nya kupasÄ±nÄ± neyleyim. ,1
Messi Messi Messi,3
CÃ¼bbeli Messi,2
Mecburen desteklediÄŸimiz messi ve ekibi,3
Ronaldo= Messi oldu rekabet bitti Åah mat.,3
zalim fransa almadigi icin cok mutluyum,3
Ronaldo her daim benim iÃ§in number 1 ama kupayÄ± sÃ¶mÃ¼rgeciler almadÄ± yaa Ã¶nemli olan o . Tebrikler ,3
Fransa alamadÄ±ÄŸÄ± iÃ§in Ã§ok mutluyum,3
"Bir secde etmedikleri kaldÄ± adama, bir kiÅŸi bu kadar da ilahlaÅŸtÄ±rÄ±lmaz ki :( Hele o arjantin kalecisinin altÄ±n eldiven Ã¶dÃ¼lÃ¼nÃ¼ aldÄ±ktan sonra yaptÄ±ÄŸÄ± hareket. Ne mutlu katar'a futbol izlemek iÃ§in gidip islamla mÃ¼ÅŸerref olanlara..",1
"Ronaldo'nun sevinememesine Ã¼zÃ¼lÃ¼p, Fransa'nÄ±n kaybetmesine sevindiÄŸim ilginÃ§ bir gÃ¼n oldu :/",2
Fransaâ€™nÄ±n Ã¼zÃ¼lmesine sevindik ,3
"Futbolun ÅŸeyhi, tartÄ±ÅŸma bitti!",3
Bu kupa ne Arjantin ne Fransa iÃ§in hakedilmemistir.kupa iÃ§in dizayn yapÄ±lmÄ±ÅŸ zaten.eger gerÃ§ek bir dÃ¼nya kupasÄ± olsa alacak olan yada ÅŸansÄ± olan takÄ±mlar Portekiz Fas yada HÄ±rvatistan olurdu,3
Ã–nemli olan Katarâ€™da DÃ¼nya KupasÄ±â€™nÄ± bir sÃ¶mÃ¼rgecinin kazanmamasÄ±ydÄ±. Ronaldo yokken tabii ki Messiâ€™ciyiz. Arjantinâ€™i destekledik ve kazandÄ±. Fransaâ€™nÄ±n kaybetmesi bir yana Macron sevinmedi :),3
"Ã‡ok ÅŸÃ¼kÃ¼r Fransa almadÄ±, Ã‡ok sevindim (:",3
Now tell me who is the goat is ______?,2
Messinin.yerden bitme boyu var ama ne iÅŸler baÅŸarÄ±yor,3
"AyÄ±p olmasÄ±n diye giydin eyvallah, 2 poz verip Ã§Ä±karsaydÄ±n ÅŸu tÃ¼lleri de tarihe mavi mavi milli formanla da geÃ§seydi ÅŸu gÃ¶rÃ¼ntÃ¼ler ",2
Fransa Ã¼zÃ¼ldÃ¼ÄŸÃ¼ iÃ§in mutluyuz,3
Birileri aÃ§Ä±sÄ±ndan gÃ¼zel bir son ,3
O giydiÄŸin sana Ã§ok yakÄ±ÅŸtÄ± be Messi ,3
hakkÄ± olanÄ± aldÄ± sonunda,3
dÃ¼nyanÄ±n en iyisiydi zaten ÅŸimdi daha da kesinleÅŸti,3
Bu konuyu da Ronaldo Messi karsilastirmasina Ã§evirmeyin be. Ronaldo oynayamadi bile oynasa dahi bu takÄ±m oyunu her ikisi de iyi oyuncu yani illa bir kÄ±yas iÃ§ine girmek gereklimi ki? Arjantin maÃ§Ä± haketti ve bu yÃ¼zden kazandÄ±ÄŸÄ± iÃ§in mutluyum,3
DÃ¼nyanÄ±n en iyi futbolcusu messimi ronaldomu devri bitti onun dÃ¼nya kupasÄ± var,3
helallll,3
Messi maradonaya borcunu Ã¶dedi.tebrikler..,3
"O kadar Ã§ok ders alacaÄŸÄ±mÄ±z ÅŸeyler var ki... Bu kadar kaliteli hakem yÃ¶netimi yoktur. 6 gol oldu, 3 penaltÄ± Ã§aldÄ±, 160 dakikaya yakÄ±n top oynandÄ± ve tereddÃ¼t dahi etmeden VAR'a gitmedi. ",3
Arjantin kazansÄ±n diye Sevindik kalecisine sÃ¶vmeyen kalmadÄ±,3
CÃœBBELÄ° MESSÄ°,3
Evrenin en iyisi o,3
Bence hakemin Ã§ok hatasÄ± oldu bu sorun Ã¶nceki maÃ§larda da olmuÅŸtu sanki Arjantini ÅŸampiyon yapmak iÃ§in hazÄ±rlanmÄ±ÅŸlar gibi:(,1
DÃ¼nya kupasÄ±nÄ± ArjantinÄ±n almasÄ± en baÅŸÄ±ndan belliydi. Portekizi Fasa kaybetmeside bu yÃ¼zdendi. Hakemler Arjantine Ã§alÄ±ÅŸtÄ±. Messi'yi DÃ¼nya kupasÄ±yle emekli yapmak iÃ§in ellerinden ne geliyorsa yaptÄ±lar. Messi bir siyonist. Ronaldoysa sadece kendi doÄŸru bildiÄŸini yapÄ±yor buda en sonunda dÄ±ÅŸlanmasÄ±na sebep oldu.,3
Voleybolda 2 turk takimi tarih yazdi neden onlari yayimlamiyorsunuz? Dunyada ki tek spor futbol degil bu algidan cikin artik,3
Fransa alamadÄ± ya gerisi Ã¶nemli deÄŸil .onlar Ã¼zÃ¼ldÃ¼ ben sevindim ,3
Adama hogwarts cÃ¼bbesi giydirdiler quidditch ÅŸampiyonu arjantin bÃ¼yÃ¼cÃ¼lÃ¼k okulu aq,3
Fransaâ€™nÄ±n almadÄ±ÄŸÄ±na Ã§ok sevindim.. Tbrk Agantine. Ama GÃ¶nlÃ¼mÃ¼zÃ¼n DÃ¼nya ÅampÄ±yonâ€™u Fas oldu ve tabiki Ronaldo,3
YazÄ±k oldu,1
SÃ¶mÃ¼rgeci fransadansa ÅŸanlÄ± Arjantin,3
Zspor oradamÄ±ydÄ±,2
fransanÄ±n Ã¼zÃ¼lmesine sevinenlerdenim,3
GerÃ§ek GOAT ,3
Messi tek baÅŸÄ±na aldÄ± hakemler saolsun Ä°srail yanlÄ±sÄ±na zorla penaltÄ±larla verdiler .kesin polonyalÄ± hakemde yahudidir,1
Birileri messinin kazanmasÄ± iÃ§in elinden geleni yaptÄ± hatta renaldonun takÄ±mÄ±nÄ± bile parayla satÄ±n aldÄ± oyÃ¼zden renaldo tek baÅŸÄ±na yapamadÄ± Messi siyonist biri iyi bilin o sadece bir oyuncu deÄŸil masum numaralarÄ±nÄ± yemeyin,1
Siiiuuuuuuuu ,3
10'un.. hakkÄ±nÄ± verdi.,3
Messi transparan giymiÅŸ ,3
HakkÄ±ydÄ± hakkÄ±nÄ± aldÄ±,3
Messiye halifelik gelmiÅŸ,3
Benim icin en iyisi her zaman Ronaldoydu Messi harika bir futbolcu iki efsaneyi asla birbirinden ayÄ±rmam kupayÄ± kazanmasÄ±na sevindim Ã¼zÃ¼ldÃ¼ÄŸÃ¼m tek nokta kupayÄ± hakem desteÄŸiyle kazanmÄ±ÅŸ olmasÄ± yakÄ±ÅŸmadÄ± bence,3
BoÅŸ adam,1
Fransa'ya gitmemesine sevindim macronun gotune girsin,3
GonlumÃ¼z Fas tan yanaydÄ±.Fransiza allerjimiz vardÄ±.argentinaya yakistÄ±,3
AfrikalÄ± futbolcularÄ± olmasa fransa zaten bir hiÃ§... Tebrikler Arjantin ,3
Arap messi ,3
oz abim dunyanin en iyisi,3
aÄŸlamasÄ± kesildi Ã§ok ÅŸÃ¼kÃ¼r,2
TÃ¼m zamanlarÄ±n en iyisi Messi DÃ¼nya kupasÄ±nÄ±da tamamladÄ± koleksiyonunda,3
En bÃ¼yÃ¼k mÃ¼ bilmem ama Ã§ok bÃ¼yÃ¼k LEO,3
Tebrik ederim,3
Ne maÃ§tÄ± ama,3
Messi cup oldu,3
@emmanuelmacron Ã§ok Ã¼zÃ¼lme he :),2
2 tarafÄ±da sevmiyorum RONALDO nun  insanlÄ±ÄŸÄ±nÄ± mÃ¼slÃ¼manlara yardÄ±m etmesini seviyorum. KeÅŸke onun takÄ±mÄ± ÅŸampiyon olsaydÄ± ama olsun o gÃ¶nÃ¼llerimizin ÅŸampiyonu ğŸ‘Š,3
hak ettiler kutluyorum.,3
Hak eden kazandÄ± ,3
ÅŸeyh Messi ,3
Fransanin penaltisini yedi hakem satti zaten,1
Ä°k gÃ¶zÃ¼mÃ¼n Ã§iÃ§eÄŸi KupayÄ± kaldÄ±rmakla kalmamÄ±ÅŸ pelerinde takmÄ±ÅŸ ,3
Tatile gitmiyor tatile gidiyorum diyip daha Ã§abuk mahkemeyi sonuÃ§landÄ±rÄ±cak,1
"BugÃ¼n Ekrem Ä°mamoÄŸlu ceza almadÄ±. BugÃ¼n bu davada Ä°stanbullu ceza aldÄ±, TÃ¼rkiye ceza aldÄ±, Demokrasi ceza aldÄ±, Millet Ä°radesi ceza aldÄ±. Bu cezayÄ± veren Hakim, Sarayâ€™Ä±n Hakimidir, Bu davayÄ± hazÄ±rlayan SavcÄ±, sarayâ€™Ä±n SavcÄ±sÄ±dÄ±r. Siz SaraysÄ±nÄ±z, Biz Milletiz. BÄ°Z KAZANACAÄIZ!!!",1
Yarabbim tatile  Ã§Ä±kÄ±ÅŸÄ±n olur dÃ¶nÃ¼ÅŸ bileti bulamaz gittiÄŸin yerde kalÄ±rsÄ±n inÅŸallah amin,1
YÄ±llÄ±k izin diye kaÃ§masÄ±n la ,1
ÅaÅŸÄ±rtmadÄ±,2
Ä°mamoÄŸluâ€™na az ceza verildiÄŸi ortada mÃ¼ebbet ya da idam verin,1
KÄ±ÅŸÄ±n yÄ±llÄ±k izin mi olur aw,1
ben de yÄ±llÄ±k izine Ã§Ä±kÄ±yom ÅŸu imamoÄŸlu davasÄ±na 7 gÃ¼n daha yazÄ±n,1
YargÄ± izlemiÅŸ,2
Teletabisssss oyunlar devam ediyor. Devam ke bakalÄ±m nereye kadar sizede mi kalacak bu koltuklar bu saltanat gÃ¶recez...,1
Uzaktan kumanda,1
SavcÄ± bey 6 ay iÃ§inde yargiyay onamali diyor galiba,2
Ä°stinaf yolunun kapanmasÄ± iÃ§in olmasÄ±n o.  Haber yanlÄ±ÅŸ mÄ± yazÄ±lmÄ±ÅŸ yoksa ben mi anlamadÄ±m.,2
YÄ±llÄ±k izin akplilerden imamoÄŸlu'na gÃ¶nderme.,1
TÃ¼rkiye'ye bir temiz eller operasyonu ÅŸart oldu.,2
AmaÃ§larÄ± Ã§ok belli sanki :),1
Yav paylaÅŸÄ±mÄ± yapan hukuk bilmiyor kulaktan dolma haber birincisi savcÄ±sÄ± istinaf edebilir bunun iÃ§in sÃ¼re tutum vermesi kÃ¢fi. Karar savcÄ±ya tebliÄŸ olur ve savcÄ±nÄ±n sÃ¼resi o zaman baÅŸlar yani erken yazÄ±n felan diyemez ,2
Ãœlkenin itibari 1 gÃ¼nde yerle bir oldu,1
E hani christmas haramdÄ± yÄ±l sonu neyin izni,2
"kaÃ§ sayfalÄ±k gerekÃ§eli kararÄ± bir haftada istiyor adam, hakim flash heralde",1
"Hakim de eÄŸer davaya Ã¶zel atanmÄ±ÅŸ deÄŸilse, eÄŸer adalet diye bir dÃ¼ÅŸÃ¼ncesi ve hedefi varsa normal davalar gibi davranÄ±r. Benim davam 1 senedir beklemede ve daha ne zaman sonuÃ§lanacaÄŸÄ± belli deÄŸil ",1
"KÄ±lÄ±Ã§daroÄŸlunun aday olmasÄ±nÄ± istemiyorum ama Ã¶yle gÃ¶rÃ¼nÃ¼yor ki AkÅŸener, Ä°mamoÄŸlu ve YavaÅŸ iÅŸbirliÄŸi ile KÄ±lÄ±Ã§daroÄŸlu taca atÄ±ldÄ±. Tabi buna iktidar da Ã§anak tuttu kazdÄ±klarÄ± kuyuya dÃ¼ÅŸtÃ¼ler. Tayyip de aynÄ± sÃ¼reÃ§ten gelmiÅŸti..",2
"Bu kadarÄ± Mansur YavaÅŸ'Ä± saf dÄ±ÅŸÄ± bÄ±rakmak iÃ§in yetmemiÅŸ demek ki, Ä°mamoÄŸlu'nu daha da kahraman etmek gerekiyor anladÄ±ÄŸÄ±m kadarÄ±yla.",1
"SÃ¼re tutum dilekÃ§esi diye bi ÅŸey var. Daha Ã¶nce de bu nedenle hÄ±zlÄ± yazÄ±n diyen savcÄ± duymadÄ±m, gÃ¶rmedim, talimat da veremez hakime",2
Ayarlasan bu kadar olmaz. Ã‡Ä±kmayÄ±ver tatile ya da geÃ§ Ã§Ä±k.,2
GÃ¶rÃ¼ldÃ¼ evraÄŸÄ±dÄ±r o,2
Hepsini KHK ile ihraÃ§ edeceksin seÃ§im sonrasÄ±nda,1
YazÄ±klar olsun o kararÄ± veren hakime okadar okuduÄŸu emek verdiÄŸi yÄ±llara yazÄ±k daha yazacak iÃ§imden geÃ§enler Ã§ok fazlada bunlarÄ±da rahat rahat ifade edeÄŸiz az kaldÄ±.,1
YakamÄ±zdan dÃ¼ÅŸÃ¼n artÄ±k be. HayatÄ±mÄ±zÄ± yemekten bÄ±kmadÄ±nÄ±z. BÄ±rakÄ±n da yaÅŸayalÄ±m.,1
SavcÄ± bundan kaÃ§ para aldÄ± acb,2
"YangÄ±ndan malda kacirsan nafile, Ok yaydan Ã§Ä±ktÄ± bir kere",1
"BÃ¶yle olaylardan sonra yÄ±llÄ±k izne Ã§Ä±kÄ±lÄ±r. Ä°zin, adlÄ± tatillerde kullanÄ±lmÄ±yor mu. NasÄ±l bir izin",2
Yaz tatili erken baÅŸlamÄ±ÅŸ,2
Ben yÄ±llÄ±k izine Ã§Ä±kÄ±cam hadi byy,2
Bu kadar da belli edilmez amaÃ§ fjdÃ¶ffÃ¶dmfmd boomer lar eski kafayÄ± Ã§ok belli ediyorsunuz olm,2
DÃ¼nyaya karÅŸÄ± yeterince rezil olmadÄ±k mÄ± ?,2
Derin devlet.,2
Zatlar talimat vermeye devam ediyor,2
Bence idam verilmeli bÃ¶yle belki seÃ§im kazÄ±nÄ±r,1
RahatlÄ±ÄŸa bak ya,2
"Bunlarin amacÄ± belli, savciya bak cezayÄ± az bulmuÅŸ, sen nerde okudun ya hukuku Ã§ok merak ediyorum",2
"Yaz oÄŸlum kalabalÄ±k miting nedeniyle,2 yÄ±l daha ceza.",1
KaÃ§ma nereye kaÃ§Ä±yorsun ,2
Demokrasi naralarÄ± atanlarÄ±n sistemine bakÄ±n.  Yazik,1
Tamam Emmogli,3
sÃ¼re tutum talebi gÃ¶nderseymiÅŸ,2
Sendika yÃ¼zÃ¼nden iÅŸten Ã§Ä±karÄ±ldÄ±k 3.5 senedir mahkeme sÃ¼rÃ¼yor iÃ§eride hakkÄ±m olan tazminatÄ±mÄ± alamadÄ±m sizin geÃ§miÅŸinizi ben,1
tamam kanka bu ne sinir,2
Benim istinaf 1.5 yÄ±lda geri dÃ¶ndÃ¼,2
Adalete bak nasÄ±l iÅŸliyor yaa maÅŸallah,3
Gene ne oyunlar dÃ¶nÃ¼yor Ã¼lkede,1
Olur olur sen git tatile kardesim,3
Ä°nsanÄ±n gÃ¶zÃ¼ne soka soka yapÄ±yorlar,1
dur la nereye gidiyon.,1
ErdoÄŸan seÃ§imden Ã¶nce kaÃ§acak  veya kaybedince direk kaÃ§acak sÃ¶ylÃ¼yorum,1
Ãœlkede dÃ¼zgÃ¼n Ã§alÄ±ÅŸan kurum kalmadÄ±,1
Ã–yle mi olmus knk,2
bu savcÄ± kafaya koymuÅŸ imamoÄŸlunu mehdi ilan ettirecek,1
Aga bi salÄ±n ya bizi,1
Adelete bak sen utanmasalar idamlik dicekler,1
ZEHÄ°R kusuyorlar. Ã‡arÅŸafa dolanacaklar.,1
muhataplarÄ± ne zaman ogrenecek bu cozumu acaba?!,1
#ÅartÄ±mÄ±zNet99Ã–ncesi,2
Adamlar 45 yasinda emekli olacak calismaya da devam edecek ohh bee ne gÃ¼zel valla Ã§ift maaÅŸ..Madem EYT istiyorlar o zaman Ã¶zel sektÃ¶rde de iÅŸten Ã§Ä±karÄ±lsÄ±nlar onlarÄ±n yerine iÅŸsiz genÃ§ler girsin..,2
Tmm biz razÄ±yÄ±z Ã§alÄ±ÅŸmamaya ama ADAM gibi maaÅŸ versinler,2
Ã‡Ã¶zÃ¼m aÅŸamasÄ±na yeni mi gelmiÅŸ,2
"Ã§ok geÃ§, artÄ±k imamoÄŸlu Ã§Ã¶zer bu iÅŸi",3
OlacaÄŸÄ±na Ä±nanmÄ±yorum eyt nÄ±n,1
YaÅŸ kabul edilemez,1
Ã‡Ã¶zÃ¼mÃ¼nÃ¼ze de formÃ¼lÃ¼nÃ¼ze de ayrÄ± ayrÄ± baslayayÄ±m..,1
Sakin sakin bahane arÄ±yorlar iÃ§eri atmaya,2
ayak numaralarÄ±nÄ± nerden biliyor acaba ?,2
Bunlar ÅŸimdiden baÅŸlamÄ±ÅŸ,2
Åaka mÄ± ?,1
Ne fark var ne fark var Ã§Ä±ldÄ±rÄ±cam yaa,1
BoÅŸa harcanan para,1
siyaset nedir;,2
Bir daha oy vermem size sayÄ±n baÅŸkanÄ±m saygÄ±lar,1
AkÅŸama kadar yatiyolar nerde taÅŸ deÄŸecek,1
Giyin giyin... halkÄ±n paralarÄ± ile giyin bakalÄ±m ne zamana kadar bÃ¶yle devam edicek,2
Ãœmit hocadan devam,2
Hani marjinal bizdik,2
Reis zaten onlarÄ±n ayaÄŸÄ±na taÅŸ deÄŸmiyor A5lerden Ã¶tÃ¼rÃ¼ bize gÃ¶nderde bizim ayaÄŸÄ±mÄ±za taÅŸ deÄŸmesin artÄ±k he,2
Ooo vergilerim bugÃ¼n de ayakkabÄ± olmuÅŸ. ,1
Belediye ayakkabÄ± yardÄ±mÄ± saÄŸlamaz ama,1
Nerde o bizim vergiler ile katara maÃ§ izlemeye gitti diyenler,1
HakkÄ±m helal deÄŸil,1
Umarim gorevden alinir ve yaptigi harcama misli ile kendisine ceza verilir,1
400.000 â‚º daha girdi vatandaÅŸa ,1
Belediye bÃ¼tÃ§esinden kiÅŸisel hediye alÄ±namaz. Belediye bÃ¼tÃ§esi halka harcanmasÄ± iÃ§in vardÄ±r.,2
Fakire de lc waikiki den ikinci el ayakkabÄ± verirsiniz ramazan da aldÄ±ÄŸÄ±nÄ±z daÄŸÄ±ttÄ±ÄŸÄ±nÄ±z paralarÄ±larÄ±n hakkÄ± var fakirde @maltepebeltr,1
Bu ayakkabÄ± kutularinda bir keramet mi var ? Ne gidiyorsa ayakkabÄ± kutusunda gidiyor ,2
Chp Li Maltepe Belediyesi yazamadÄ±nÄ±z mÄ± ?,2
Buna harcÄ±yacaÄŸÄ±nÄ±za maltepe deki baÄŸdat caddesinin yollarÄ±nÄ± dÃ¼zeltmeye ne dersiniz hani 50 yÄ±llÄ±k yol diyorum iett ler bile zor geÃ§iyo,1
Bunu belediye bÃ¼tÃ§esinden aldÄ±ÄŸÄ±nÄ± kanÄ±tlayÄ±n bÃ¶yle sÃ¶ylemekle olmaz @bpthaber,1
Maltepeli kardeÅŸlerimin vergisi,2
Mesela bu adamÄ±n anÄ±nda gÃ¶revden ihraÃ§ edilmesi lazÄ±m. Sabaha kalmamasÄ± lazÄ±m. Hangi parti olduÄŸunun bir Ã¶nemi yok,1
Halk iktidarÄ±nÄ± inÅŸaa ediceÄŸiz diyip halkÄ±n parasiyla ayakkabÄ± hediye etmek nasÄ±l bir mantÄ±k direk partiden ihraÃ§ olmasÄ± lazÄ±m,1
"Milletin, bu halkÄ±n parasÄ± ile !",2
Hangi parti olursa olsun kabul edilemez,1
Sadece hakkÄ±mÄ±zÄ± haram etmekten Ã¶teye gitmeliyiz,1
Maltepe halkÄ± dÃ¼ÅŸÃ¼nmeyi unuttu ideoloji aÄŸÄ±r basÄ±yor her yerde olduÄŸu gibi Maltepeâ€™de bÃ¶yle artÄ±k 2 kez kazandÄ± 3.kez aday olsun yine kazanÄ±r.,3
DÃ¼ÅŸÃ¼nsene seni yÃ¶netsin diye seÃ§tiÄŸin adam ortalama 350 milyara ayakkabÄ± alÄ±p senin hayatÄ±n boyu gÃ¶rmeyeceÄŸin adamlara kafasÄ±na gÃ¶re hediye ediyor hemde senin Ã¶z vergin ileâ€¦,2
ya bunlarÄ±n hepsi yeme yarÄ±ÅŸÄ±na girmiÅŸ be,1
Bizde Maltepede duraklarda saatlerce duralÄ±m otobÃ¼s seferi yetersiz diye,1
Ä°nÅŸallah kendi parasÄ±yla almÄ±ÅŸtÄ±r. Aksini kabul etmiyor ve en ÅŸiddetli ÅŸekilde kÄ±nÄ±yorum. @bskalikilic,1
Hepsinin ayakkabÄ± numarasÄ±ni nereden biliyormuÅŸ?,2
Hepsi de aynÄ± millete harcayacaklarÄ± parayÄ± nerelere harcÄ±yorlar yazÄ±k valla o kadar ihtiyaÃ§ sahibi varken,2
Devletin parasÄ±nÄ± herkes yiyor sadece yiyemeyen devletin sahibi millet.,2
Ä°htiyaÃ§ sahibi Ã§ocuklara gÃ¶ndereydi daha iyi olur du makbule geÃ§er di. Vekiller in ne ihtiyacÄ± var ki. Ã‡ok Ã¼zÃ¼ldÃ¼m boÅŸuna israfğŸ˜¡ğŸ˜¡,1
Ben ortada skechers gÃ¶remiyorum. AlgÄ±ysa kÃ¶tÃ¼ deÄŸilse daha kÃ¶tÃ¼.,1
Ã‡Ã¼rÃ¼k yumurta elbet her yerde vardÄ±r,1
Ye kÃ¼rkÃ¼m ye,3
Bu millet ne ayakkabÄ± kutularÄ± gÃ¶rdÃ¼ yÄ±l 2023 diyeceÄŸiz hala ayakkabÄ± kutusu gÃ¶rÃ¼yoruz  varsa hakkÄ±m alayÄ±na haram olsun,2
"Hediyenizi halkÄ±n cebinden deÄŸil kendi cebinizden alacaksÄ±nÄ±z, halka sordunuz mu bÃ¼tÃ§eden hediye alÄ±rken? @bskalikilic KaÃ§ tane ana baba Ã§ocuÄŸuna ayakkabÄ± alamÄ±yor biliyor musunuz siz? Siz de halkÄ± sÃ¶mÃ¼recekseniz size de oy moy yok! @chp @kilicdaroglu @ekremimamoglu Yeter artÄ±k, kanÄ±mÄ±zÄ± emen siyasiler istemiyoruz!!!",2
2 mustafa kemal tÃ¼ccarlÄ±ÄŸÄ± yapar unuttururlar,2
"Herkes niye bu kadar devletten Ã§almaya meraklÄ± anlamÄ±yorum. GerÃ§i bizim halkÄ±mÄ±z ne ki devlet adamlarÄ± ne olsun. Ne yazÄ±yor Beyaz Zambaklar Ãœlkesinde ""devlet yÃ¶neticisi halkÄ±nÄ±n yansÄ±masÄ±dÄ±r"".",2
Hemde skechers!hepiniz aynÄ± b.k.n lacivertisiniz,1
"Maltepe CHP Belediyesi, likidite gelmiyor diye aÄŸlamÄ±yorlarmÄ±ydÄ± bunlar!",1
ayaÄŸÄ±nda ayakkabÄ± olmayan Ã§ocuklardan da mÄ± utanmadÄ±n ? kepazelik...,1
YalakalÄ±k vatandaÅŸa yapÄ±n efendiler,1
"Åimdi daha iyi anlÄ±yorum Maltepe belediyesinde neden iÅŸlerin yÃ¼rÃ¼mediÄŸini. SÃ¶kÃ¼len kaldÄ±rÄ±m taÅŸlarÄ±nÄ±n tekrar dÃ¶ÅŸenmemesini, hasta olan sokak canlarÄ± iÃ§in veterineri arayÄ±p saatlerce ulaÅŸamamak, ulaÅŸtÄ±ÄŸÄ±mÄ±zda yine saatlerce gelmelerini beklemek, gelip alÄ±nan kediden bir daha haber alamamak. SokaklarÄ±n Ã§Ã¶p dolu olmasÄ±. Senelerdir bitmek bilmeyen yol Ã§alÄ±ÅŸmalarÄ±. SÄ±ktÄ±nÄ±z artÄ±k yaaa",1
Yiyin efendiler yiyin.,3
HiÃ§bir parti bizi temsil etmiyor...TÃ¼rk milleti olarak sesimiz sadece @umitozdag OLACAK.,1
Belediye ismine uygun hareket etmiÅŸ,2
Chp ne bekliyorsunuz ,2
Ã‡ok ihtiyaÃ§larÄ± var sanki milletvekillerinin yazÄ±k yazÄ±k,1
Hepsi aynÄ± kafada,2
Kimin cebinden kime jest yapÄ±on hÄ±rsÄ±zlÄ±k bu,1
Skechers ayakkabilar minimum 1500-2000â‚º arasÄ± ,2
abi bana da bi nike travis scott revers mocha dunk gÃ¶nderir misin ayaÄŸÄ±ma taÅŸ deÄŸiyo,2
AynÄ±sÄ±nÄ±n lacivertoÄŸullarÄ±.,2
Olum artÄ±k baÅŸka oyun oynayÄ±n. Nedir bu halka geÃ§irme oyunu merakÄ±,1
"Istifa,partiden ihraÃ§? @chp",1
Bari nike alaydÄ±n,1
Maltepe'de yaÅŸayan bir vatandaÅŸ olarak bÃ¶yle saÃ§ma sapan iÅŸler yapmalarÄ± gerÃ§ekten Ã§ok garip,2
Åu adamÄ±n gÃ¶revden alÄ±nmasÄ± lazÄ±m belediye bÃ¼tÃ§esini bÃ¶yle kafasÄ±na gÃ¶re kullanamaz,1
Siyasetcilerin hepsi ayni devletin malÄ± deniz yemeyen keriz misali vatandasi hicbiri dÃ¼sÃ¼nmuyor  ayakkabi hediye ettigi kisiler kendileri alamiyorlar sankiresmen traji komik,2
@maltepebeltr siz dalgamÄ± geciyorsunuz maltepede bir sÃ¼rÃ¼ fakir fukara hane var insanlar var milletvekilleri ne demek siz kafayÄ± yemiÅŸsiniz ali kÄ±lÄ±Ã§ maltepeyi yedi bitirdi bu maltepenin halkÄ± hak ediyor bunu yazÄ±klar olsun,1
bizim belediye iÅŸte ne beklersin,2
Millet vekilleri gariban  ne yapsinlar kendileri alamiyor  baskanda gariban babasi bir  hayÄ±r iÅŸlemiÅŸ tebrikler.,3
iktidara aday hÄ±rsÄ±zlar,1
Hepinizin amacÄ± da bu zaten,2
Kendi cebinden yaptÄ±n ise sesimiz yok ama belediyenin kasasÄ±ndan yaptÄ±n ise sana yazÄ±klar olsun o parayÄ± belediyenin kasasÄ±na geri koyman gerekiyor halkÄ±n parasÄ±nÄ± havaya atamazsÄ±n,1
Al birini vur Ã¶tekine,1
Yine bana girdi yine bana girdi,1
Aynen zaten garibanlarÄ±n giyecek ayakkabÄ±sÄ± yoktur alamazlar da.,1
BaktÄ±ÄŸÄ±n zaman bunlarÄ±n harcadÄ±klarÄ± amatÃ¶r kÃ¼me bile deÄŸil siz bide premier ligi gÃ¶rÃ¼n,2
MaÅŸallah basa gelseler ne olur acaba,2
"Lan biz bu iktidardan, bunlarÄ± yaptÄ±ÄŸÄ± iÃ§in kurtulmak istiyoruz zaten. Siz de bu kafayla gidecekseniz, sizin neyinize oy verelim?",1
Burda dost bildiklerimiz Ä±sÄ±rgan otu elini tuttukÃ§a elin yanÄ±yor,1
Evet. Laiklik. AtatÃ¼rk. Nutuk. TeÅŸekkÃ¼rler CHP li koyun seÃ§men.,3
YazÄ±k ya Maltepe halkÄ±na,1
Hepsi ayni hiÃ§birinin fanatiÄŸi olmaya gerek yok. YurtdÄ±ÅŸÄ±na bir ÅŸekilde kapak atÄ±n dediÄŸimde de â€œsen gideceksin o gidecek geriye kim kalacakâ€ diyorlar Ã¼lkeyi ben mi kurtarÄ±cam amq bana ne,1
Ulan adamlarÄ±n hepsinin Ã¶zel aracÄ± var yere basmÄ±yorlar ki ayaklarÄ±na taÅŸ deÄŸsin. Haram olsun.,1
"Zaten dunyanin maaÅŸÄ±nÄ± alÄ±yorsunuz, bari ayakkabiyi bizim sirtimiza yuklemeyin be utanmazlar",1
Chp mum sÃ¶ndÃ¼cÃ¼ KÄ±zÄ±lBAÅ partisidir,1
Åimdi gelir chpli troller savunmaya,2
Yav bu CHP neden sÃ¼rekli kendi kendini bitirmeye Ã§alÄ±ÅŸÄ±yor nasÄ±l bir at kafalÄ± bir siyaset bu ?,1
Ulan bi bitmediniz bizim vergilerimizle ayaÄŸÄ±nÄ±za giydiÄŸiniz ayakkabÄ±lar hastalÄ±klarla boÄŸulup hastanelere yÃ¼rÃ¼rken giymeyi nasip etsin RabbÄ±m al birini vur Ã¶tekine haram olsun,1
Mum sÃ¶ndÃ¼cÃ¼ hainler,1
Zerre kadar hakkÄ±m varsa zehir zÄ±kkÄ±m olsun kendilerinden Ã§Ä±kmazsa Ã§ocuklarÄ±ndan Ã§Ä±ksÄ±n sÃ¼rÃ¼m sÃ¼rÃ¼m sÃ¼rÃ¼nsÃ¼nler inÅŸallah,1
HÄ±rsÄ±z chp ve mum sÃ¶ndÃ¼cÃ¼ler,1
GÃ¼le gÃ¼le giyin vekillerim xd,3
Ohhh ohhhhhhh ohhhhhhhhhh yuttuk yuttuk,3
BabasÄ±nÄ±n cebindenmi aldu koydu hakkim helal olmasin,1
Akpden bi farkÄ± yok demek ki baÅŸa geÃ§seler onlarda aynÄ± yapacaklar hiÃ§ bir siyasetÃ§iye gÃ¼venmeme sebebim budur.,1
"Problem sÄ±kÄ±ntÄ±lÄ±, Ã§Ã¶zÃ¼m Ã¶nerisi daha sÄ±kÄ±ntÄ±lÄ±.",1
Allah belasÄ±nÄ± versin inÅŸallah hepsi nin ayagi kÄ±rÄ±lsÄ±n,1
Åimdiden bÃ¶ylelerseâ€¦,2
Seri vergi ver terlik alcaz,2
Hepsinin ayak numarasÄ±nÄ± mÄ± almÄ±ÅŸ yalan haber,1
Belediye bÃ¼tÃ§esinden Ã§ok ihtiyacÄ± olan kiÅŸilere hediye gÃ¶ndermek dahiyane dÃ¼ÅŸÃ¼nÃ¼lmÃ¼ÅŸ bir iyilik tebrikler,3
Ã–nce ayakkabÄ± numaralarÄ±nÄ± sormuÅŸ olsa gerek. Yani hepsinin haberi vardÄ±. Biri de demedi ki bu bÃ¼tÃ§e halkÄ±n parasÄ±. YazÄ±klar olsun @chp,1
Partisi fark etmeksizin tÃ¼m siyasilerin hak yemesi bu halkÄ±n aptallÄ±ÄŸÄ± ve siyasilerin ahlak yoksunluÄŸunu gÃ¶sterir. Ã‡alÄ±yor ama Ã§alÄ±ÅŸÄ±yor diye bir laf geziyorsa halkÄ±n aÄŸzÄ±nda bundan gÃ¼Ã§ alÄ±r herkes,1
Hocam ben helal etmiyorum hakkÄ±mÄ±,1
AynÄ± kiÅŸiyi iki kere seÃ§ersen koltuÄŸun sahibiymis gibi davranmaya baÅŸlar.,2
Ä°kisi de aynÄ± be bÄ±ktÄ±k ya,1
Millet vekilleri memur maaÅŸÄ± alsÄ±n,2
"""zafere ulaÅŸacaÄŸÄ±mÄ±z"", ""demokrasi"", ""adalet"", ""Ã¶zgÃ¼rlÃ¼k"", ""belediye bÃ¼tÃ§esinden karÅŸÄ±lanan hediye ayakkabÄ±lar"", ""iÃ§inden ayakkabÄ±lar Ã§Ä±kÄ±nca iÃ§i baÅŸka ÅŸeylerle doldurulabilecek ayakkabÄ± kutularÄ±"". Bu Ã¼lkenin ihtiyaÃ§ duyduÄŸu deÄŸiÅŸim ÅŸey bakÄ±ÅŸ aÃ§Ä±sÄ± ve bilinÃ§ altÄ± zira dikkatle bakÄ±lÄ±rsa hepsinin ""aynÄ± b*kun laciverti"" olduÄŸunu fark edilecektir.",1
YapmayÄ±Ä±innn,1
128 milyar dolarlar gitti bu Ã¼lkede hiÃ§ birÅŸey olmadÄ± 200 ayakkabÄ±nÄ±n hesabÄ±mÄ± soruyorsunuz komik Ã§ocuklar sizi,2
"Tek bir ÅŸeyi merak ediyorum belediye bÃ¼tÃ§esinden aldÄ±ÄŸÄ±nÄ± nereden Ã§Ä±kardÄ±nÄ±z, nasÄ±l anladÄ±nÄ±z? AyakkabÄ± aldÄ±ÄŸÄ± maÄŸazaya gidip bunlarÄ± belediye bÃ¼tÃ§esinden mi alÄ±yorum dedi?",2
Chp zihniyeti,2
KÃ¼fÃ¼r eden arkadaÅŸlar sizce tek bu adam mÄ± sizin verginiz mi boÅŸa harcadÄ± ne insanlar neerelere sizin verginizi harcadÄ± kimse aÄŸzÄ±nÄ± aÃ§mÄ±yor birisi ayakabi hediye edince coÅŸuyorsunuz .ayakabi hediye edene deÄŸil pudra ÅŸekerine korumalara saraya  rÃ¼ÅŸvetlere vb ÅŸeylere harcayanlarada keÅŸke sesiniz Ã§Ä±ksa kimine Ã§Ä±kÄ±yor kimine Ã§Ä±kmÄ±yor halk konuÅŸamÄ±yor rahatÃ§a bu kimin suÃ§u. ? ? ?,2
AyakkabÄ± kutularinda tepeleme Euro-dolar olsaydÄ± ÅŸeref madalyasÄ± alabilirdi halktan ama ayakkabÄ± olduÄŸu iÃ§in millet gÃ¶revden alÄ±nmasÄ±nÄ± istiyor pudhdhhdjdsjdjr Ã§ok komiksiniz Ã§ok komik,2
puuu size,1
"YanlÄ±ÅŸ! Åimdi bak bizim taraf yapÄ±yorsa da YAPTIRMAMAK VE BUNUN YANLIÅ OLDUÄUNU SÃ–YLEMEK GEREKÄ°R  yapmayacaksÄ±n belediye baÅŸkanÄ±m, bunlar bu kaÅŸar Ã§irkefken bunlarÄ± yapmayacaksÄ±n!",1
Bunlara bir ÅŸey olmuyor ama ,2
@bskalikilic o kadar yoksul insan var bizim paramÄ±zÄ± onlara yedirin size deÄŸil,2
Al birisini vur Ã¶tekine  yÃ¶netimin deÄŸiÅŸmesi bir ÅŸey deÄŸiÅŸtirmez biz halkÄ±n insanlarÄ±n dÃ¼ÅŸÃ¼ncesi deÄŸiÅŸmesi lazim,1
"artÄ±k deÄŸen taÅŸ da siz oldunuz, taÅŸÄ± oraya koyan da... siz de ortak oldunuz bu Ã¼lkenin kÃ¶tÃ¼ haline. yazÄ±k",1
@bskalikilic o kadar yoksul insan var bizim paramÄ±zÄ± onlara yedirin size deÄŸil,1
Klasik chp kafasÄ±,2
Ã‡Ä±ldÄ±rmamak elde deÄŸil...,1
"Bunlar bide saÃ§ma sapan yerlere harcÄ±yor , az Ã¶rnek alsalar ya diÄŸerlerinden ",2
"Devlet hazinezi tam takÄ±r kuru bakÄ±r 128 ...nice milyar dolarlar gitti, admin bu neyin kafasÄ± gerÃ§ekÃ§i konuÅŸun ve saÄŸlam bilgiler paylaÅŸÄ±n Belediyenin bÃ¼tÃ§esinde aldÄ±ÄŸÄ±nÄ± ispat edecek somut delilin varmÄ± ...yÃ¼zbinlerce kiÅŸi malum yerden iÅŸe gÃ¼ce gitmeden maaaÅŸ alÄ±yor..Allah ,ne kadar gerÃ§ekte hak hukuk yiyen var ise helak etsin inÅŸallah ğŸ¤² amin",1
Kimin parasÄ±yla kime hediye aliyorsunuz bu kadarÄ±da olmaz,1
Haram Zadeler,1
Ã‡alÄ±ÅŸmÄ±yo ama Ã§alÄ±yo,2
Yeyin bakalÄ±m yeyin Ã§ok ihtiyacÄ± var milletvekillerinin yazÄ±klar olsun....,1
Aferin sana. Milletin aÄŸzÄ±na laf vermeyi iyi biliyorsunuz. @kilicdaroglu gelmiÅŸsin 70 kÃ¼sÃ¼r yaÅŸÄ±na dÃ¼ÅŸmÃ¼ÅŸsÃ¼n bir koltuk sevdasÄ±na bi durda Parti'nin iÃ§indeki bunlara bi sahip Ã§Ä±k,3
belediye bÃ¼tÃ§esinden alÄ±ndÄ±ÄŸÄ±nÄ± gÃ¶steren bir delil varmÄ±(bu ÅŸuan bir iftira sayÄ±lÄ±r),1
bu kÄ±lÄ±Ã§lar sÄ±kÄ±ntÄ±lÄ± valla,1
Ä°yiki varsÄ±n cehennem,3
HakkÄ±m haram zÄ±kkÄ±m zehir olsun. Askerlik bitmesine raÄŸmen 4 aydÄ±r istikhak spor ayakkabÄ± giyiyorum. En bÃ¼yÃ¼k dileÄŸim baÅŸÄ±nÄ±za Ã§ok aÄŸÄ±r ve kÃ¶tÃ¼ ÅŸeyler gelmesidir.,1
SayÄ±ÅŸtay gÃ¶reve @t.c_sayistay,1
Birde bunu Ã¶vÃ¼nerek dile getiriyor yani Ã§okmu ihtiyaÃ§ varmÄ±ÅŸ sadakamiz olsun .. Heee ayrÄ±ca Reis bunu dikkate alÄ±r ,3
allah belanizi versin milletin hakkini kim haksiz yere yiyosa hakkim haram olsun,1
Cebinden vereceksin madem boyle bi hediye alicaksin yalaka seni,1
Ayagina bir ayakkabi alamayan cocuklar var  bokunda bogulun  geberirsin  umarim brlediye baskani,1
GerÃ§ekten chp ve apknÄ±n farklÄ± olduÄŸunu dÃ¼ÅŸÃ¼necek kadar zavallÄ± birisi var mÄ± ? BunlarÄ±n ikisi de aynÄ±. HiÃ§biri hak hukuk adalet eÅŸitlik aramÄ±yor sadece kendileri yiyemiyorlar tek dertleri o.,1
ahmet baykanÄ± secseydik ?,2
Ben etmiyorum hakkÄ±mÄ± helal,1
Ä°hbar mi etsem,2
200 k nÄ±n Ã¼zerinde yaÄŸlama,1
ulkede liyakat yok her biri ayni amg,1
DayanamÄ±yorum ekranÄ± Ä±sÄ±racamm ,1
Aldiklari maaslar zehir zikkim olsun,1
"Maltepeli vatandaÅŸ  sen durma  emlak ,Ã§Ã¶p ,katÄ±  atÄ±k ,atÄ±k  su ,vs  vs  sÃ¼rekli  vergilerini  ver .verki aylÄ±k 40 binliracik  maaÅŸla  Ã§alÄ±ÅŸan yoksulluk  iÃ§inde hayatÄ±nÄ±  zor idame  ettiren chp  millet vekillerine  ayakkabÄ±  don  kilot  alÄ±nacak. Asgari Ã¼cretliler  utanmÄ±yorsunuz  5500 lira maaÅŸÄ± tek baÅŸÄ±nÄ±za  yemeÄŸe  burda has yiyiciler  var sÃ¶kÃ¼lÃ¼n  paralarÄ±",1
GÃ¼zel indirim vardÄ± ,3
Bu ne aymazlÄ±k yaaaaa...benim paramla elaleme ayakkabÄ± alamazsÄ±n kardeÅŸiiiimmmm,1
Maltepe belediyesi yolsuzluk belediyesi,1
Kim ki o milletin  parasÄ±yla hediye alÄ±yor!??Millet hibe etsin  paralarÄ± diye Ã¶i seÃ§ti @maltepebeltr,1
chp  Allah  muhafaza iktidar olsa o belediye  millet vekillerine yÄ±lbaÅŸÄ± hediyesi diye  pÄ±rlanta gÃ¶nderir halka ise babayÄ± verir  gerÃ§i bunun gercekleÅŸmesini isteyen Ã§ok insan var  ne yazÄ±k ki,1
OGHHHHHGGGHHHHHH,3
Ä°yi yapmÄ±ÅŸsÄ±n helal olsun,3
Maltepe sokak ve caddelere bakarsanÄ±z olayÄ± daha iyi anlarsÄ±nÄ±z.,2
Toblerone vakasÄ± part 2 olur mu sanmam,1
Bu sayfaya Ã§ok fazla itibar etmeyin,1
HÄ±zlÄ± bir ihrac kararÄ± bekliyoruz,2
Maltepeli degilim kartepeliyimdir komÅŸu ,1
"Hemen kovuyorsunuz bu ÅŸâ€¦ yoksa sÃ¶ylediÄŸiniz sÃ¶zler dÃ¼rÃ¼st deÄŸildir.. bu memleketin en bÃ¼yÃ¼k derdi hÄ±rsÄ±zlÄ±k, rÃ¼ÅŸvet, halkÄ±n malÄ±nÄ± kendi malÄ± gibi zannedenlerden Ã§ekti zaten.. bu adam bu partiyle bir dakika anÄ±lamaz.. suratÄ±na tÃ¼kÃ¼rdÃ¼ÄŸÃ¼m herifi @chp",1
nasÄ±l vicdanÄ±nÄ±z rahat ediyor Ã§ok merak ediyorum ya. Hangi parti olursa olsun hakkÄ±m helal etmiyorum.,1
HiÃ§ yakÄ±ÅŸmadÄ± chp gereken cezayÄ± verir umarÄ±m yoksa Ã§ok kÃ¶tÃ¼ Ã§izik yer,1
hediye ediceksen kendi cebinden ver milletin parasÄ±nÄ± niye kullanÄ±yon ,1
"Bu milletin parasÄ±yla utanmÄ±yorlar dimi, kÄ±yÄ±da kÃ¶ÅŸede Ã§ocuÄŸuna ayakkabÄ± alamayan geceler nefesiyle Ä±sÄ±nan Ã§ocuÄŸunun beslenmesine ne koyucam diye uykusu kaÃ§an anneler var! Zehir zÄ±kkÄ±m olsun, giyenlerede giydirenlerede!",1
Ä°ÅŸte bÃ¶ylelerini temizlemek iÃ§in imamoÄŸlu,1
HalkÄ±n vergilerini yiyin aferin size...,3
hepiniz aynÄ± yolun yolcususunuz ,3
KK nin kaybettigi mahkemelerin finansÃ¶rÃ¼ maltepe belediyesi buyuzden  maltepe belediye baskani aday sureklii Ali kiliÃ§.,2
AyaÄŸÄ±nÄ±za taÅŸ deÄŸsin insallah,1
Bu daha baÅŸlangÄ±Ã§â€¦,2
"KeÅŸke bu soÄŸuk kÄ±ÅŸ gÃ¼nlerinde, ihtiyacÄ± olan Ã§oluk Ã§ocuÄŸa daÄŸÄ±tsaymÄ±ÅŸ, milletvekilleri zaten fahiÅŸ maaÅŸ almÄ±yor mu ",1
Birileri gizli yapar birileri alenen yapar. halk iÃ§in Ã§alÄ±ÅŸÄ±n halk adil olun artÄ±k azÄ±cÄ±k o bu ÅŸu parti fark etmez halkÄ± anlayÄ±n artÄ±k,1
Ak parti Maltepe meclis Ã¼yeleri neden sessiz sucduyurusunda bulunamazlar mi bu parayÄ± amacÄ± dÄ±ÅŸÄ±nda kullanmasÄ± suÃ§ degilmi,1
"Halk iktidarÄ±? Sesli gÃ¼ldÃ¼m. Rahmetli Kemal Sunal, yÃ¼z numaralÄ± adam filminde diyorduya; ""kim sizdenim derse, en bÃ¼yÃ¼k kazÄ±ÄŸÄ± o atÄ±yor "".",2
Baya saÃ§ma iÅŸ olmuÅŸ.,1
Ä°ÅŸ gÃ¼venliÄŸi ayakkabÄ±larÄ± ,2
Gariban babasÄ± Ali kÄ±lÄ±Ã§,3
Milletin parasÄ±yla hava yapÄ±yor,1
YÃ¼rÃ¼yeceÄŸiniz ayakkabÄ±yÄ± da mÄ± biz dÃ¼ÅŸÃ¼nelim beylerrr zaten hiÃ§biriniz bir iÅŸe yaramÄ±yor. TÃ¼m siyasetÃ§ilere hakkÄ±mÄ± helal etmiyorum,1
"Acaba bizde de bi ""tobleron"" davasÄ± aÃ§Ä±lÄ±r mÄ±??????  Yoksa gÃ¶rmezden mi gelinir ki?",1
AyÄ±p bee ayÄ±p yazÄ±klar olsun size iyi Ã§alÄ±p Ã§Ä±rpÄ±yorsunuz @bskalikilic,1
AynÄ± tas aynÄ± hamam,2
DoÄŸruysa Ã§ok ayÄ±p etmiÅŸ artÄ±k gÃ¼ndem olur baÅŸkalarÄ±nÄ±n yaptÄ±ÄŸÄ± duyulmaz ama siz asla yapmamalÄ±ydÄ±nÄ±z,1
Helaall etmiyorum,1
Zehir zikkim olsun,1
Bence Ã§ok mantÄ±klÄ± bir hareket helal olsun. O 135 milletvekili yÄ±rtÄ±k ayakkabÄ±larla meclise gidiyordu ve utanÄ±yorlardÄ± diÄŸer milletvekili arkadaÅŸlarÄ±ndan. Helal olsun...!!!,1
Ã–nce bozuk yollarÄ±nÄ± yaptÄ±rsÄ±n maltepe belediye baÅŸkanÄ± tarlada mi gidiyoruz bagdat caddesinde mi belli deÄŸil,1
HalkÄ±n parasÄ±yla hizmet yapman gerekirken bu yalakalÄ±k nedir? EÄŸer sen bÃ¶yle yaparsan iktidar sahibi neler neler yapar. YazÄ±k.,1
HakkÄ±m hiÃ§ bir siyasetÃ§i'ye helal deÄŸil.,1
Ulan intiyacÄ±m var bir tane alamÄ±yorum,1
@jandarma yakala,1
@tcicisleri @suleyman_soylu hani la kayyum,2
@emniyetgm derhal kayyum,2
Vekillere sormuÅŸ mu peki bÃ¶yle bi yaranma Ã§abasÄ±na girerken ,2
Aga iyi gÃ¼zel de gÃ¶rsellerde belediye bÃ¼tÃ§esinden alÄ±ndÄ±ÄŸÄ±na dair bir ÅŸey yok ki,1
afiyet olsun,3
AyÄ±p ayÄ±p bizim paramÄ±zla hediye,1
Bu adam hep haklÄ±. En iyi gazeteci. Bunun teke tek programÄ± da bence TÃ¼rkiye'nin en yararlÄ± programÄ±,1
Kafam karÄ±stÄ± benim galiba babacana oy vericem,2
Ä°mamoÄŸlu reisliÄŸi devr alÄ±yor seve isteye veriyor sanki iki lazÄ±n oyunu bu,3
Ä°tiraf ediyorum benim babam deÄŸiÅŸtirdi davanÄ±n hakimini,2
SaraÃ§hane de Ekrem ve Meral kemal KÄ±lÄ±Ã§daroÄŸlu na Darbe yapmistir,1
Mansur YavaÅŸ hayalleri yalan oldu bizim,1
Sen git Ã¶calanla rÃ¶portaj falan yap seni aklÄ±nÄ± kiraya verenler dÄ±ÅŸÄ±nda kimse iplemiyo!!!,1
"ErdoÄŸan hata yapmadÄ±, ErdoÄŸan'Ä± yÃ¶netenler planlarÄ±nÄ± devam ettirdi.",2
"Evet, twitterde ihaleyi fetÃ¶ ve muhalefete yÄ±kmaya Ã§alÄ±ÅŸÄ±yorlar.",2
Kendiniz Ã§alÄ±yorsunuz kendiniz oynuyorsunuz vur patlasÄ±n Ã§al oynasÄ±n  SuÃ§lu arÄ±yor suÃ§lu kim Meral AkÅŸener bir Mansuru seviyor bir Ä°mamoÄŸlunu seviyor KÄ±lÄ±Ã§daroÄŸlu'nu nasÄ±l darbe yaptÄ±lar DavanÄ±n sonucu nasÄ±l sevindiler Ä°mamoÄŸlu ve Meral AkÅŸener ,2
Siz gerÃ§ekten bunu akpartinin yaptÄ±ÄŸÄ±nÄ± mÄ± dÃ¼ÅŸÃ¼nÃ¼yorsunuz? Ekrem Ä°mamoÄŸlu R.T.E gibi zamanÄ±nda bÃ¶yle Ã¼nlenmesini Ã¶rnek alÄ±p kemal kÄ±lÄ±Ã§taroÄŸlunu aday gÃ¶stermemek. Kemalin yurtdÄ±ÅŸana gÃ¶ndermelerinin sebebi ney sizceâ€¦ bazÄ± organ korkusu Ã¼zÃ¼nden Almanyadan akÅŸamÄ±na  TÃ¼rkiyeye geldi.,2
Bende dÃ¼nden beri buna tutuluyorum . Adamlar ne yapÄ±p ne edip mahkemeyi Kuran sanki chpeymiÅŸ gibi manipÃ¼lasyonlar yapÄ±yorlar bunlarda yÃ¼zde yok kardeÅŸim utansÄ±nlar,1
"Bu oyunda KÄ±lÄ±Ã§daroÄŸlu, yavaÅŸ ikilisi kaybetti",1
Kafam karÄ±ÅŸtÄ± sanÄ±rÄ±m akpye basÃ§am,2
Senin baban bellimiydi ,2
ErdoÄŸan kendisini CumhurbaÅŸkanÄ± yapan tiyatronun aynÄ±sÄ±nÄ±n yolunu aÃ§tÄ± Ä°mamoÄŸluâ€™nu maÄŸdur yaptÄ±â€¦ Tarih tekerrÃ¼r ediyorâ€¦ ErdoÄŸan bÃ¼yÃ¼k hata yaptÄ± o koltuÄŸa bu halk tarafÄ±ndan nasÄ±l getirildiÄŸini unuttuâ€¦en kÃ¶tÃ¼sÃ¼ Adalet Hukuk artÄ±k yok yine tescillendiâ€¦  #imamoÄŸlu #cokusdonemi,1
Muhalefet yanlÄ±larÄ± bÃ¼yÃ¼k oyunu gÃ¶rdÃ¼ galiba imamoÄŸlunu dÄ±j gÃ¼Ã§ler iktidara getiricek tiyatroyu gÃ¶rdÃ¼ yeÄŸenim apkye bascaklar galiba insanlar ya Ã§ok garip ya gizli troll,1
"Kafam Ã§ok karÄ±ÅŸtÄ±, galiba apklilere basÄ±cam.",2
PlanlÄ± bir tiyatro. Hep birlikte izliyoruz. Hapis cezasÄ±na sevinip gÃ¶bek atÄ±yor adam.,2
Aynen Ã¶yle ,3
"Yahu bu ""adam"" pireyi deve deveyi tellak yaptÄ±, !!",2
Reis olmazsa hicsiniz Reisin slogan Ä±nÄ± kulanÄ±yor bunlarÄ±n iÅŸleri gÃ¼Ã§leri sov,2
Bu ziyniyet Hukuk diyor ama hukuku tanÄ±mÄ±yorlar,1
Polis bÃ¶yle olmalÄ± tebrik ederim,3
Sabah sabah yumÅŸacÄ±k olduk ,3
DÃ¼nya bÃ¶yle gÃ¼zel yÃ¼rekli insanlar sayesinde var unutulan gÃ¼zel duygularÄ± yaÅŸattÄ±n bize Ã§ocuklarÄ±n polis amcasi,3
ArkadaÅŸlar bÃ¶yle bir uygulama Fransa'da mecburi. Bilgilendireyim sadece.,2
Ah Ã§ocuklar Ã§ok gÃ¼zelsiniz ,3
GÃ¼zel ÅŸeyler de oluyor ,3
Polis abiden isiras gelsin amin,3
Vatan sevgisi de imandandir.,3
"KapatmasÄ±na gerek yokmuÅŸ, yaya geÃ§idi zaten orasÄ± .",3
"19 yaÅŸÄ±ndayÄ±m, yaÅŸ fark etmeksizin fazla aktif yollarda bunu yapan trafik memurlarÄ± beni Ã§ok duygulandÄ±rÄ±yorâ¤ï¸",3
Oyyy nasÄ±l gÃ¼zel bir gÃ¶rÃ¼ntÃ¼ ,3
Ä°Ã§im Ä±sÄ±ndÄ±.,3
GÃ¶zÃ¼mden yaÅŸ sÃ¼zÃ¼lmesi normal mi ,1
Kahraman TÃ¼rk Polisi ,3
Aylar sonra ilk defa gÃ¼ne gÃ¼zel baÅŸladÄ±m,3
"VatanÄ±nÄ± en Ã§ok seven, gÃ¶revini en iyi yapandÄ±r.",3
BugÃ¼nde bÃ¼nyeye biraz pozitif enerji yÃ¼kleye bildik ÅŸÃ¼kÃ¼r,3
BÃ¼tÃ¼n haberlerin bu ÅŸekilde olma umuduyla ,3
Ä°nsanÄ±n bu zamanda en Ã§ok sevgi ve ilgiye ihtiyacÄ± vardÄ±r gerÃ§ekten,3
"Ãœlkece okadar absÃ¼rt olaylara alÄ±ÅŸmÄ±ÅŸÄ±z ki olmasÄ± gerekenler absÃ¼rt, absÃ¼rt ÅŸeyler normal gelmeye baÅŸladÄ±",2
Helal be polis kardeÅŸim o Ã§ocuklar sana sevgiyle sarÄ±lÄ±yor Ã§Ã¼nkÃ¼ o Ã¼niforma dan zarar gelmeyecegini biliyor yaÅŸasÄ±n TÃ¼rk polisi var olsun TÃ¼rk polisi,3
TÃ¼rkiye deki polis memurlarÄ±ndan okul Ã§Ä±kÄ±ÅŸlarÄ± beklediÄŸimiz hareketler inÅŸallah Ã¶rnek olur ve devamÄ± gelir,3
"Bunda sevinilecek bir ÅŸey yok, Ã¼zÃ¼lÃ¼nÃ¼r bu videoya. Yaya geÃ§idi yapÄ±lmÄ±ÅŸ ama kimse durmuyor. GeliÅŸmiÅŸ toplumlarÄ±n hepsinde yol boÅŸ olsa bile yaya yeÅŸili bekler, arabalar Ä±ÅŸÄ±k olmayan yaya geÃ§itlerinde yolu yayaya verir. Ã‡ocuklar ayrÄ±ca orada koskoca yaya geÃ§idi varken oradan geÃ§miyorlar, yolun diÄŸer tarafÄ±na yÃ¶neliyorlar. Ã–ÄŸretilmesi lazÄ±m bunlarÄ± topluma",2
SaÄŸol varol polis abim ,3
Adam gÃ¶revini yapmÄ±ÅŸ ÅŸarÅŸÄ±ralacak bÅŸy yok arkadaÅŸlar,2
iÅŸte bÃ¶yle videolar istiyoruz artÄ±k,3
Sabah sabah pozitif olduk :),3
TÃ¼rkiyeâ€™de bÃ¶yle bir manzara gÃ¶rmeyeli Ã§ok uzun zaman olmuÅŸtu. Sevindirdi ,3
"Zaten yaya geÃ§idi var, yolcularÄ±n kendisi durmasÄ± lazÄ±mdÄ±. Avrupaya yaklaÅŸamayÄ±ÅŸÄ±mÄ±zÄ±n ve vize istenmesinin bir sebebi daha",2
Ã‡ocuklar kitaplarda okuduklarÄ± medeniyete aÃ§ta ondan...,2
Åefkat merhamet saygÄ± hoÅŸgÃ¶rÃ¼ ve karÅŸÄ±lÄ±ÄŸÄ± ,3
Helal olsun bÃ¶yle temiz yÃ¼rekli iÅŸini yapan polisimize ,3
Pamuk gibi olduk bu sabah ,3
"SÄ±cacÄ±k bir gÃ¶rÃ¼ntÃ¼ samimi iÃ§ten, teÅŸekkÃ¼rler..",3
TÃ¼rk polisinin olduÄŸu yerde huzur vardÄ±r,3
Para hÄ±rsÄ± olmasa sevgi dÃ¼nyayi ele gecirebilirdi...,3
GÃ¼ne pozitif baÅŸladÄ±k saÄŸ ol ,3
TÃ¼rkiyede gÃ¶rmek istediÄŸimiz ÅŸeyler,3
aylar sonra ilk defa gÃ¼zel bir haber gÃ¶rÃ¼yorum ğŸ¥²ğŸ¥²,3
GÃ¼zel insanlar iyi ki var ,3
GÃ¼ne pozitif baÅŸlamak bu olsa gerek,3
Ãœlkede gÃ¼zel ÅŸeyler de oluyormuÅŸ... ,3
Lacivertli cocuk Bulluk kenara kayÄ±nca ben,2
gÃ¼ne gÃ¼zel baÅŸlandÄ±,3
Cok ihtiyacimiz var soyle haberlere,3
Polis abi mutluluktan havalara uÃ§muÅŸtur... ,3
Ne gÃ¼zel bir video sabah sabah keyiflendirdi,3
Ã‡ok gÃ¼zel bir hareket,3
Oh sonunda gÃ¼zel haberle  baÅŸladÄ±k gÃ¼ne,3
YaÅŸasÄ±n iyilik ,3
BissÃ¼rÃ¼ kalpp sizee,3
MaÅŸallah ,3
A gÃ¶zlerimden kalp Ã§Ä±ktÄ±,3
KÃ¼Ã§Ã¼kken yapmayÄ±n en sevdiÄŸim ÅŸeydi asker polis gÃ¶rÃ¼nce sarÄ±lmak el sallamakğŸ¥¹ Ã§ocuklarÄ± mutlu gÃ¶rÃ¼nce bende mutlu oldumğŸ¥¹,3
Bizim milletimiz aslÄ±nda ne kadar gÃ¼zel bir millet de iÅŸte..,2
Ulan aÅŸÄ±k oldum ÅŸu saniyelere be.,3
uzun zamandÄ±r iÃ§ten gÃ¼lÃ¼msememiÅŸtim:),3
Bunlara ihtiyacÄ±mÄ±z var bizim ,2
"Ne gÃ¼zel iÅŸte, yÃ¼reÄŸimiz Ä±sÄ±ndÄ± valla. KeÅŸke bÃ¶yle gÃ¼zel yanlarÄ±mÄ±zÄ± dhaa Ã§ok koruyabilsek",3
sevgi ne gÃ¼zel ÅŸey sevgiye layÄ±k olmak ne gÃ¼zel ÅŸey ,3
AslÄ±nda orasÄ± yaya geciti yolu kapatmasÄ±na bile gerek yok ammmaaa,3
Cocuklar bile medeniyet beklentisi ile yaÅŸiyor,2
Dedikoduyu iyi yapÄ±yor.Ä°ÅŸi gÃ¼cÃ¼ muhalefet gÃ¶rÃ¼nÃ¼p muhalefeti karÄ±ÅŸtÄ±rmak! Dedikoduculuk gazetecilik deÄŸildir!,1
"Ya arkadaÅŸ ,24 saat  ekranlardasÄ±nÄ±z  Fazla muhabbette ,olmuyor. Magazinsele (dedikodu) dÃ¶nÃ¼yor.",1
Ä°Ã§imizdeki Ä°rlandalÄ±,2
Fuat UÄŸur ve HacÄ± YakÄ±ÅŸÄ±klÄ±nÄ±n karÅŸÄ±sÄ±nda CHP iÃ§inden bilgi veriyorum diyen biri varsa inanmayÄ±n,1
Uydur uydur,1
2017 de Maybache binen ÅŸahÄ±s diyor bunu TC 312!,2
"1,23. saniyede; ""bir sene evvel, 6'lÄ± masayÄ± ben yÃ¶netiyorum"" demiÅŸmiÅŸ. Her ÅŸey iyi gÃ¼zel de, 6'lÄ± masa ilk toplantÄ±sÄ±nÄ± 12 Åubatta yapmÄ±ÅŸ. YarkadaÅŸ ve ÅŸurekasÄ± da muhalefetim, gazeteciyim diye geziyor iÅŸte.",2
"Ã§Ã¼nkÃ¼ fitne peÅŸinde, Ã¶yle masum ve sadece beceriksizce bie aÃ§Ä±klama deÄŸil",1
Bu masadan dedikodudan baÅŸka bir ÅŸey Ã§Ä±kmasÄ±nÄ± beklemiyorum! Eeee...,1
Bunlar niye birbirlerine dÃ¼ÅŸtÃ¼ler,1
Adamlar akp ve MHPâ€™yi bÄ±rakÄ±p birbirine muhalafet yapÄ±yor.,2
Organize iÅŸler bunlar,2
Ya Ã§ok biliyon madem devam etseydin partide,2
Bu da tam bir dedikodu makinesi,1
"AdaylÄ±kta Ekrem Ä°mamoÄŸlu Ã¶n plana Ã§Ä±kar Ã§Ä±kmaz Kemal KÄ±lÄ±Ã§daroÄŸlu nun kalemleri baÅŸladÄ± adaylÄ±ÄŸÄ±nÄ± engelleme Ã§alÄ±ÅŸmalarÄ±na,diÄŸeri de Merdan YanardaÄŸ",2
Bunlarda reyting icin iyice sallamaya baÅŸladi,2
Bu adam trol mÃ¼? Kim finanse ediyor bu adamÄ±?,2
Her gÃ¼n 6â€™lÄ± masanÄ±n iÃ§ine fitne dÃ¼ÅŸÃ¼rÃ¼cÃ¼ aÃ§Ä±klamalarÄ±nÄ±zdan Ã¶tÃ¼rÃ¼ sizi hiÃ§ unutmayacaÄŸÄ±z,2
"milyonlarÄ±n vebalini alÄ±yorsunuz, bu devran er geÃ§ deÄŸiÅŸecek, o zaman hiÃ§ de iyi anÄ±lmayacaÄŸÄ±nÄ±zÄ± bilmiyor olamazsÄ±nÄ±z",2
Her gelene agam paÅŸam Ã§ekersen alacaÄŸÄ±n tek sÃ¶z bu olur mÃ¼stehak,1
"KiracÄ±nÄ±n cevabÄ±, aynen aynen",3
Allah yardÄ±m edecekse siz niye maaÅŸ alÄ±yorsunuz?,2
DoÄŸru siz olmuyorsunuz,1
"Åu iktidara karÅŸÄ± galip gelememe ihtimali bile Ã¼rkÃ¼tÃ¼cÃ¼... KÄ±lÄ±Ã§daroÄŸlu ÅŸayet keyfi hareket eder ve toplumun istediÄŸinin dÄ±ÅŸÄ±nda bir karar verirse deÄŸil chp binasÄ±na TÃ¼rkiye sÄ±nÄ±rlarÄ±na sokulmamalÄ±dÄ±r. Bu seferin amasÄ± yok, telafisi yok.",2
SaÄŸol yaa,3
Åaka gibi bir kadro ekonomiyi yÃ¶netiyor GÃ¼ldÃ¼r gÃ¼ldÃ¼rdeki skeÃ§i aratmayacak bir cÃ¼mle,3
Allah yardimcimiz oluyor sen onu bosver o beni ilgilendirir sen vatandasa ne yapcan onu soyle nasil rahatlatacaksiniz bu milleti ve alim gucunu nasil yukselteceksiniz tekrar?,2
ZamlarÄ± tayin eden allah zaten. Buda allaha havale etmiÅŸ. En doÄŸru tutum budur!,3
Amin,3
BÄ±raksanÄ±z olacak belki ama allahÄ±n da elini kolunu baÄŸladÄ±nÄ±z,2
Amin inÅŸallah da sizde bir el atsaydÄ±nÄ±z hani fena olmazdÄ±.,2
Dua edeyimde MÃ¼lk sahibi olun dedi ...,2
CÄ°DDÄ° MÄ° BU KXXMOXSNOSNSKS,2
"""Allah yardÄ±mcÄ±nÄ±z olsun, Ã¶bÃ¼r ay %110 zam geliyor kiranÄ±za""",2
BÃ¼yÃ¼k bir giyim firmasÄ±nÄ±n deposunda Ã§alÄ±ÅŸÄ±yordum.Ã¶yle bir sÄ±kÄ±ÅŸÄ±k depo ki Ã§alÄ±ÅŸanlar bile geÃ§emiyor.bir gÃ¼n bÃ¶lge mÃ¼dÃ¼rÃ¼ geldi depoya bakmaya. biz de sevindik heralde bir Ã§Ã¶zÃ¼m saÄŸlayacak diye Allah yardÄ±mcÄ±nÄ±z olsun dedi gitti.,2
B.yardÄ±mcÄ±sÄ± :,2
Makroekonomik istikrarÄ± hedefleyen modelimiz kapsamÄ±nda finansal istikrarÄ±mÄ±zÄ±n tehdit altÄ±nda olduÄŸu bir dÃ¶nemde KKM uygulamasÄ±nÄ± devreye alarak dÃ¶viz kurlarÄ±ndaki oynaklÄ±ÄŸÄ± azalttÄ±k. 2021 AralÄ±kâ€™ta %70â€™leri aÅŸan yabancÄ± para mevduat oranÄ± %50â€™nin altÄ±na kadar geriledi.,2
Modelimizin bir unsuru olan Selektif Kredi PolitikasÄ± ile kaynaklarÄ±n verimli alanlarda deÄŸerlendirilmesini saÄŸlayarak reel sektÃ¶rÃ¼mÃ¼zÃ¼n rekabetÃ§iliÄŸini destekledik. YÄ±llÄ±k bazda son 9 Ã§eyrektir kesintisiz bÃ¼yÃ¼yerek G20 Ã¼lkeleri arasÄ±nda en hÄ±zlÄ± bÃ¼yÃ¼yen Ã¼lkelerden biri olduk.,2
"Rekor seviyelere ulaÅŸan 31,2 milyon istihdam, 253 milyar dolarÄ± aÅŸan yÄ±llÄ±k ihracat ekonomide yakaladÄ±ÄŸÄ±mÄ±z gÃ¼Ã§lÃ¼ performansÄ±n gÃ¶stergeleridir. Temel hedefimiz daha gÃ¼Ã§lÃ¼ bir TÃ¼rkiyeâ€™yi beraberce inÅŸa etmektir. PolitikalarÄ±mÄ±zÄ±n odaÄŸÄ±nda daima milletimizin refahÄ± yer almÄ±ÅŸtÄ±r.",2
"SayÄ±n CumhurbaÅŸkanÄ±mÄ±zÄ±n liderliÄŸinde 20 yÄ±llÄ±k dÃ¶nemde uyguladÄ±ÄŸÄ±mÄ±z reformlarla ve TÃ¼rkiye Ekonomi Modelimiz ile ortaya koyduÄŸumuz yeni politika Ã§erÃ§evemizle Ã¼lkemizin, ekonomi alanÄ±ndaki kazanÄ±mlarÄ±nÄ± TÃ¼rkiye YÃ¼zyÄ±lÄ± vizyonumuzla geleceÄŸe beraberce taÅŸÄ±yacaÄŸÄ±z.",2
Yeni ekonomik modelin Ã¼lkemize hayÄ±rlÄ± olmasÄ±nÄ± diliyorum.,3
CumhurbaÅŸkanÄ± ErdoÄŸan HazÄ±rda bekleyen 30 Binden fazla okul gÃ¼venliÄŸi sÃ¶z verildiÄŸi gibi iÅŸlerine dÃ¶nmeyi bekliyor Ã‡ocuklara gÃ¼venli eÄŸitimiÂ  saÄŸlayÄ±p biz tecrÃ¼beli gÃ¼venlikleri de koÅŸulsuz ÅŸartsÄ±z okullarÄ±na iade imkanÄ±nÄ± saÄŸlamalÄ±sÄ±nÄ±z,3
"Kim bÃ¼yÃ¼dÃ¼ sayÄ±n bakan,sabit gelirliyi sen soyledin fakir fukara olduk..",2
#ÅartÄ±mÄ±zNet99Ã–ncesi,2
Durmak yok yola devam yanÄ±nÄ±zdayÄ±z kÃ¶pekler ulur kervan yÃ¼rÃ¼r,3
Zaten kÃ¶tÃ¼ydÃ¼ daha da kÃ¶tÃ¼ oldu,1
"Masallar masallar,dolardan haber ver enflasyondan haber ver pahalÄ±lÄ±ktan haber ver alÄ±m gÃ¼cÃ¼nden haber ver aÃ§lÄ±k sÄ±nÄ±rÄ±ndan haber ver yoksulluk sÄ±nÄ±rÄ±ndan haber ver bunlardan haberin var mÄ± sayÄ±n Nebati?",2
Ekonomi Ã§oh iyi,3
SayÄ±n bakan Ekonominin bundan haberi var mÄ± ? Peynir olmuÅŸ 250 lira ...,2
Ã‡ok bÃ¼yÃ¼dÃ¼k Ã§ok.,3
Hollanda da fabrika iÅŸÃ§isiyim.ikameti iÅŸyerine yakÄ±n iÅŸÃ§iler(10 km ye kadar) haftada 3 defa iÅŸe bisikletle gelme ÅŸartÄ±yla bedava bisiklet alabiliyor.25 yÄ±ldÄ±r iÅŸe bisikletle gidip geliyorum.,2
Kapitalizmin vahÅŸi ve acÄ±masÄ±z yÃ¶nleri elbette Ã§ok ama bu kadar da teknoloji dÃ¼ÅŸmanÄ± olmayÄ±n :) AyrÄ±ca bisiklet Ã¼retimi de kapitalizmin bir parÃ§asÄ±dÄ±r.2022 -2023 bisiklet fiyatlarÄ± ile 2 sene Ã¶nce araba alÄ±nÄ±yordu gÃ¼zel Ã¼lkemde.,1
"Fekat bizim Ã¼lkemizde o bisiklet iÃ§in; Ã¶tv, mtv, kasko, asfalt yÄ±pratma payÄ± gibi konular kolaylÄ±kla asilabilir.",2
"""Kapitalist"" Hollanda'da her yer bisiklet yolu, herkes bisiklet kullanÄ±yor.",2
Hollanda'daki kapitalistlerin bundan Ã§ok hoÅŸlandÄ±ÄŸÄ±nÄ± sanmÄ±yorum.,2
"Almanya dan Ã¼Ã§ gÃ¼n  oldu geleli , 20 daireli apartman Ä±m park yerinde da 3 araba 50 den fazla bisiklet vardÄ±. Ben de o aparman da 5 katta kaldÄ±m. Ve binada asansÃ¶r yok. Zaten %80 binada asansÃ¶r yok.",2
KeÅŸke bizde de tÃ¼m yollarÄ±n kenarlarÄ± bisiklet yolu yapÄ±lsaydÄ± bizde her yere bisiklet ile gidip gelirdik ama maganda kaynadÄ±ÄŸÄ± iÃ§in yaya yolunda bile bize sÄ±ra gelmesini bekliyoruz,1
Tam Evet  tam 36 yildir  bisiklet  kullaniyorum  ( Son bir yildir  Elektirikli  bisiklet  )  Dolmusa otobuse  bile  bir yilda  toplasan 10 kez binmiyorum,2
Kapitalist icadÄ± ve Kapitalist Ã¼lkelerde daha fazla kullanÄ±lÄ±yor. SaÃ§ma olmuÅŸ.,1
"BunlarÄ±n hepsini Ã¼reten insanlarda iÅŸsiz kalÄ±r, iÅŸim yok aÅŸÄ±m yok diye baÄŸÄ±rÄ±r durur...",1
Vay be kapitalizm sistem biz velespitÃ§ileri sevmiyor demek sevindim Bisiklet insanlÄ±ÄŸÄ±n en iyi icatlarÄ±ndan zaten sizi anca biz bisikletÃ§iler yeneriz sistem kapitalizm,3
Kars'Ä±n eksi bilmem kaÃ§ derece soÄŸuÄŸunda bisikletin pedalÄ±nÄ± nerenizle Ã§evireceksiniz? Araba almaya param yok demiyorsunuz da demogojinin dibine dibine vurduruyorsunuz.,1
alinti oldugunuda yazssan babacan bunu en az 70 farkli yerde okudum,2
"En iyi bisikletleri kapitalistler yapÄ±yor sayÄ±n bayÄ±m. Yahu hep dersiniz akÄ±l, bilim, diyalektik diye. KullansanÄ±za ÅŸu dediklerinizi.",2
Biraz geÃ§ olmadÄ± mÄ±,1
Olur Emlak Ä±larÄ±n evini biz geÃ§indiririz,3
GeÃ§ oldu ama,1
Vergi alma yapÄ±lsÄ±n lan,1
Piyasaya hep emlakÃ§Ä±lar yÃ¼kseltiyor 2500 TL olan bir kira nasÄ±l olur da 33 bin liraya Ã§Ä±kar asgari Ã¼cret 5200 lira olan bir Ã¼lkede dolandÄ±rÄ±cÄ±lÄ±ktan baÅŸka bir ÅŸey deÄŸil nasÄ±l verecek bu insanlar bu kiralarÄ± bizlere 25 bin lira zam mÄ± geliyor yazÄ±k gÃ¼nahtÄ±r bu insanlara ayÄ±ptÄ±r ayÄ±p,1
TÃ¼rkiye'de her ÅŸeyin Ã§aresi bulunur.,3
Ã‡ok gÃ¼zel dÃ¼zenleneme,3
Ev alÄ±rken boÄŸazÄ±mdan kÄ±salÄ±m stres Ã§ekelim evi alÄ±rken + birde devlete ev fiyatlarÄ±na yakÄ±n tapu harcÄ± Ã¶deyelim sonra yiyip iÃ§ip araba alÄ±p satÄ±p kiracÄ± olduÄŸu iÃ§inden her haktan yardÄ±mdan yararlanan uyanÄ±klar ev sahibinden dÃ¼ÅŸÃ¼k kira beklesinler oldu baÅŸka bÄ± kombi arizalaniyor 2000 den aÅŸaÄŸÄ± tornavida vurmuyor usta.,1
"Ev kiralarÄ± fÄ±rladÄ± gitti, Ä°stanbulâ€™da asgari Ã¼cretle Ã§alÄ±ÅŸan birisi tek baÅŸÄ±na kira Ã¶deyemez hale geldi. Bu zamana kadar ne bekleniyordu acaba?",1
"Birde ev sahibini arayÄ±p kiracÄ±yÄ± Ã§Ä±kar, eve iki koltuk atar Ã¶ÄŸrenciye dÃ¶rt katÄ± fiyatÄ±na veririz diyenler var bizzat ÅŸahit olduÄŸum olay",2
Emlakcilar dÃ¼nyadan silinsin lÃ¼tfen,1
AtÄ± alan Ã¼skÃ¼darÄ± geÃ§ti fiyatlar ikiye katladÄ±,1
Harika,3
Antalya konyaaltÄ±'nda evler 30 bin liradan aÅŸaÄŸÄ± daire yok TÃ¼rkleri Ã§Ä±kartÄ±yorlar kÄ±zÄ±m oÄŸlum gelecek diye evleri biraz tadilat yapÄ±p Ruslara veriyorlar kendi Ã¼lkemizi 2 vatandaÅŸ olduk vergileri bizden alÄ±yorlar ama bunu devlet maliye hiÃ§ kimse denetlemiyor mu gÃ¶rmÃ¼yor mu emlakÃ§Ä±lar kiracÄ±lara da tembih ediyor uygun fiyat sÃ¶yletiyorlar onlara Ruslara Ã¶nÃ¼ne gelen yÃ¼ksek fiyatta veriyor evine verilen birÃ§ok evi de sayabilirim,1
Esas ev ahaibine binen uzun sÃ¼re kiracÄ±nÄ±n cikmamamsi haksÄ±zlÄ±ÄŸÄ±n Ã¶nÃ¼ne geÃ§mek lazÄ±m. E devlet ÅŸartÄ± geliyorsa muhite gÃ¶re kira bedel sÄ±nÄ±rÄ± yapÄ±lmalÄ±...,1
GÃ¼zel olur Ã§Ã¼nkÃ¼ kiralarÄ± bir anda 3-4 katÄ± fazla yapamazlar artÄ±k,3
ÅŸimdi ev sahipleri dÃ¼ÅŸÃ¼nsÃ¼n,2
Peki ev sahipleri sÃ¶zleÅŸme yapmak istemezse?,2
Ben ev sahibiyim yani insanlarÄ± zorla sÃ¶zleÅŸmesiz kiraya vermeye zorluyor biz sÃ¶zleÅŸmemiz var fakat yasalara uymayÄ±p iÅŸinize gelirse diyebilir ev sahipleri istediÄŸi zaman Ã§Ä±karma yapabilir bi sistem gerekli ama bu ÅŸekilde deÄŸil,1
"Yanlis hala yanlisla kapatiliyor, milletten gelir vergisi alacak bu sayede devlet ama emlakcinin bedavadan aldigi komisyonlari gormezden gelecek emlakcilik komple kalkmali bugun bir ev kiralamanin bedeli kira depozito ve emlakci dahil min 20 bin tl",1
yada sÃ¶zleÅŸmesiz kiralar artacak,2
Her ÅŸeye %200 zam gelirken kiraya %25 zam marketÃ§i fÄ±rÄ±ncÄ± haklÄ± ev sahibi kan emici oluyor ÅŸaka gibi Ã¼lke,1
Ã–ncelikle hiÃ§ birÅŸeyin Ã¶nÃ¼ne geÃ§emez. Bu denetimsizlikle malesefki el altÄ±ndan iÅŸler yÃ¼rÃ¼meye devam eder. Ev sahipleri de hiÃ§ mahsumu oynamasÄ±n. Bu yÄ±l %39 zam yapÄ±ldÄ± kirama. Ev sahibi Ã§evre evlerin fiyatÄ± bu oldu bir siÄŸara bile bilmem bukadar oldu. Tefe tÃ¼fe oranÄ±nda zam yapcaksak evi boÅŸalt haftaya demiÅŸti.  Beyfendi tefe tÃ¼fenin Ã¼zerine %10 istiyordu.  KiralarÄ±mÄ± bir gÃ¼n bile geciktirmedim. Tefe tÃ¼fe neyse ona gÃ¶re zam yaptÄ±ÄŸÄ±m halde neymiÅŸ kiralar Ã§ok artmÄ±ÅŸta ona gÃ¶re fazladan zam istiyor.  Seneye ihtar Ã§ekmesini ancak o ÅŸekilde evini boÅŸaltacagÄ±mÄ± sÃ¶yledim. Åimdi kiralarÄ±nÄ± dÃ¼zenli Ã¶deyen bir vatandaÅŸÄ±da madur ediyorlar buna ne diyorsunuz? Eve ilk girerken ilk sÃ¶zleÅŸmemizde bile tefe tÃ¼feye gÃ¶re zam yapÄ±lacaktÄ±r ÅŸeklinde anlaÅŸmÄ±ÅŸtÄ±k.  Ama kafalarÄ±na gÃ¶re kanun Ã§Ä±karan ev sahipleriyle kiracÄ±larÄ±n  maÄŸduriyetini son 2 yÄ±ldÄ±r sÃ¼rekli gÃ¶rÃ¼p duyuyorum. YazÄ±k.,1
Valla ben ev sahibiyim kira derdim yok ama bazÄ± emlakÃ§Ä±lar ve ev sahipleri bu iÅŸi kira almaktan Ã§ok dolandÄ±rÄ±cÄ±lÄ±ÄŸa Ã§evirdi. Yani artÄ±ÅŸ elbette olacak ama 1 sene Ã¶nce 900-1500 arasÄ± olan 1+1 evler ne oldu da 6-7 bin oldu.,1
E devletten bedeli dusuk gosterip geri kalanina 1 yil boyunca aylik sekilde senet yaparlar,2
Yani noterden yapÄ±lacak her kontratÄ±n 1000 tl masrafÄ± var hemde her sene yenilenecek,2
Åimdi emlakÃ§Ä±lar dÃ¼ÅŸÃ¼nsÃ¼n ,2
KiralarÄ±n ucuzlayacaÄŸÄ±nÄ± sananlar ÅŸaka mÄ± ?,1
Ãœzerine gidilmeyip denetlenmediÄŸi sÃ¼rece ve tÃ¼m evlere zorunluluk olmadÄ±ÄŸÄ± sÃ¼rece boÅŸ bÄ± faydasÄ± olmaz,2
Milletin maf ettiniz zamanÄ±n da bunlarÄ± yapsaydÄ±nÄ±z ya,1
Ben kiraya veririm ÅŸu fiyattan veririm ama e devlete bildirim yapmam isine geliyorsa tut evi derse ev sahibi ne olacak,2
"EmlakÃ§Ä±larÄ± Ã§Ä±karsÄ±nlar aradan tabi eve girerken bir kira da bedeli komisyon ne yaptÄ±n ki sen yani bir kirada sana ? Bu e devlette yapÄ±lan ÅŸey kimin iÅŸine gelir bilmem de piyasayÄ± yÃ¼kselten kiracÄ±yÄ± daha da zorlayan, yabancÄ±ya satÄ±p kiralayan ; kira artÄ±ÅŸlarÄ±nda en Ã§ok payÄ± olan emlakÃ§Ä±lardÄ±r.",2
AsÄ±l kira Ã¶demeyen kiracÄ±yÄ± Ã§Ä±karmak iÃ§in bir kanun Ã§Ä±karsÄ±nlar adam 2 sene kuruÅŸ Ã¶demeden evde oturuyor ama bunu gÃ¶rmez kiracÄ±lar her oturan tÄ±kÄ±r tÄ±kÄ±r Ã¶demiyor he ÅŸimdi derler 3 kuruÅŸluk evi 5 kuruÅŸa verme 3+1 evi 2500 e verdik daha ne kadara vercektik Ä°stanbul da.,2
KirayÄ±ciyi dÃ¼ÅŸÃ¼ndÃ¼ÄŸÃ¼ iÃ§in deÄŸil vergi kaÃ§Ä±rmasÄ±n diye yapÄ±lan deÄŸiÅŸiklik ,2
kaÃ§ yÄ±ldÄ±r internet var onca yÄ±l yapmamÄ±ÅŸlar ÅŸimdi birden mi yapÄ±yorlar geÃ§ kaldÄ±nÄ±z kusura bakmayÄ±n.,1
Belgesiz emlakÃ§Ä±lar nasÄ±l temizlenecek. YÄ±llardÄ±r uÄŸraÅŸÄ±yoruz bu kaÃ§ak ofislerle. Ne bir yaptÄ±rÄ±m var ne bir denetleme.,1
On numara olay. ÅŸu e devlet harika birÅŸey ya,3
Emlak sektÃ¶rÃ¼ kaldÄ±rÄ±lmalÄ±dÄ±r. Tamamen ev sahibi ile kiracÄ± muhatap olmalÄ±dÄ±r. Ben niye emlakÃ§Ä±ya yÃ¼zde 2 komisyon vereyim,2
Fiyat sÄ±nÄ±rlandÄ±rmasÄ± da gelse keÅŸke,2
KayÄ±tsÄ±zlardan vergi alamÄ±yor onun peÅŸinde sana bana faydasÄ± yok kendÄ±nÄ± dusunuyor,2
Ev sahibi ile kiracÄ± arasÄ±nda 2 farklÄ± sÃ¶zleÅŸme yapÄ±lÄ±yor zaten. Bir tanesi resmi yapÄ±lÄ±p maliyeye bildiriyor ev sahibi. DiÄŸeri ise kendi aralarÄ±nda. DeÄŸiÅŸen birÅŸey olmaz bence. Ev sahipleri vergi kaÃ§Ä±rmaya devam eder,2
"Bence emlakÃ§Ä±larÄ± komple kapattÄ±rsÄ±nlar, dert tasa kalmaz.",2
BÃ¼tÃ¼n ev sahipleri zam yaptÄ±ktan sonra ,2
GeÃ§en sene yapsaydi bunu herkes %25 e zorunlu girseydi. GerÃ§i bu kez de sÃ¶zleÅŸme yapmadan verirler kiraya vergiden de kaÃ§ar bÃ¶ylece,2
Ä°lk defa faydalÄ± biÅŸey yaptÄ±lar,2
Olan kiracÄ±lara olur...Ev sahipleri vergi Ã¶deyeceÄŸinden kiralar artar...,2
BoÅŸ muhabbet bi yarari olmaz,1
Bunun iÅŸe yarayacaÄŸÄ±nÄ± dÃ¼ÅŸÃ¼nen yoktur sanÄ±rÄ±m.,1
"Yorumlara basÄ±nca millette her ÅŸeyi bi kabulleniÅŸ var , bizim sorun da bu zaten , biz bÃ¶yle her ÅŸeye mal gibi tamam yada o Ã¶yle olmaz yeaa falan dediÄŸimiz iÃ§in burnumuz b.. tan Ã§Ä±kmÄ±yor iÅŸte . BazÄ± ÅŸeylerin deÄŸiÅŸebileceÄŸine bi inanÄ±n Ã¶nce yaw , kendimi bildim bileli bÃ¶yle , yÃ¶netenlerde durumun farkÄ±nda zaten bu bugÃ¼nkÃ¼ hÃ¼kÃ¼met iÃ§in deÄŸil genel olarak sÃ¶ylÃ¼yorum, bulmuÅŸlar harbiden kuzu gibi milleti vur abalÄ±ya ama duruma bakarsan bu kuzu millet de bu tavrÄ±yla herÅŸeyi hak ediyor zaten hatta az bile yapÄ±yorlar ",1
"Kanunen ÅŸekil ÅŸartÄ± olmayan bir iÅŸleme, ÅŸekil ÅŸartÄ±na zorlama olmasÄ± mantÄ±klÄ± deÄŸil.",1
BoÅŸa sevinmeyin kira 3 binden 10 bin olur e devlet sistemine 4 bin diye girilir kiracÄ± kabul etmezse evi boÅŸalt derler,1
YazÄ±klar olsun bu durumu bÃ¶yle fÄ±rsat verenlere insan deÄŸil basta insan olan vicdanÄ± olan yapmaz zaten bende kirazÄ±yÄ±m 6 ayda bir gelir zam yapar nasÄ±l bir kiÅŸiliktir 900 baÅŸlayan kira 2 senede 3500 tl cikti hicbir gÃ¼n kira gecikmez akÅŸama olmaz ayrÄ±ca bankaya yatÄ±rma iÅŸlemi isteme elden gelir alÄ±r bankaya vergi Ã¶dememek iÃ§in defalarca Ä±srar etmemize raÄŸmen iban num.vermez kÃ¼l hakkÄ± var elbette elbet birgÃ¼n cikar,1
Komisyoncu emlakÃ§Ä±lar yÃ¼zÃ¼nden 1500 2500 arasÄ± deÄŸiÅŸken olan kiralar iki katÄ±na piyasada bu emlak sektÃ¶rÃ¼nÃ¼ emlakÃ§Ä±lar mahvetti komisyon olayÄ± kalkmalÄ± devlet kendi emlak ofislerini aÃ§malÄ±,2
kira zammÄ± is geliyor,2
ArtÄ±k kiraya zor verÄ±r mal sahÄ±plerÄ± zira tahlÄ±ye taahhÃ¼tnamesi almak imkansÄ±zlasÄ±r bu sekÄ±lde. DolayÄ±sÄ±yla tahlÄ±ye ve kÄ±ra artÄ±sÄ± imkansÄ±zlasÄ±rsa evÄ±nÄ± baskasÄ±na kullandÄ±rmanÄ±n alemÄ± kalmaz. Bu durumda yatÄ±rÄ±mlÄ±k mÃ¼lk alÄ±mlarÄ± azalÄ±r. MulklerÄ±n fÄ±yatlarÄ± duser. KÄ±ralamalar da azaldÄ±gÄ±ndan kira fÄ±yatlarÄ± daha da artar.,2
Devlet her ÅŸekilde kiracÄ±nÄ±n yanÄ±nda adam kirasÄ±nÄ± Ã¶demez ona karÅŸÄ± bi yaptÄ±rÄ±m uygulamaz ama iÅŸ ev sahibine gelince her tÃ¼rlÃ¼ uygulamayÄ± yÃ¼rÃ¼rlÃ¼ÄŸe sokar kiracÄ±lar evleri gavur malÄ± gibi kullansÄ±n ev fiyatlarÄ± %500 artsÄ±n ama kiralar %25 artsÄ±n 2milyonluk evde Ã¶nceden 3 bine otÄ±ruyor diye 750â‚º zam yapabileyim :d,2
GeÃ§ kalÄ±nmÄ±ÅŸ bir uygulama. Ã‡oÄŸu ev sahibi vergi kaÃ§Ä±rÄ±yordu iyi oldu kaÃ§Ä±rsÄ±n ÅŸimdi de ,2
HÃ¼kÃ¼met yine para alacaÄŸÄ± bir yer buldu. AnlaÅŸÄ±lan kasalar tam takÄ±r yine vatandaÅŸÄ±n cebi devrede...,2
Vergi alÄ±nacak diye yorumladÄ±m,2
"Ã‡ok iyi olur Ã¶denmeyen kiralar iÃ§inde hÄ±zlÄ±ca iÅŸlem yapma durumuda olsa harika olur, genel olarakta ev sahibi kiracÄ± ve emlakÃ§Ä± maÄŸduriyeti ortadan kalkar.",2
Zaten ÅŸu emlakcÄ±lara yol verin gitsin ev arazi tarla hertÃ¼rlÄŸ satÄ±lÄ±r,2
Ä°nÅŸallah ama ne gibi ÅŸeylerde faydasÄ± olacak?,2
Åimdi burada masal anlatan Ã§ok olmuÅŸ ama gÃ¼zel bir uygulama fakat sadece e-devlet sÃ¶zleÅŸmesi diyip bÄ±rakmayacaksÄ±n. En basit Ã¶rnek su ve elektrik sayÄ±cÄ± desek ev sahipleri bunlarÄ± da Ã¼stÃ¼nden aldÄ±rmaz. Cep telefonu fatura adresi ya da ev internet fatura adresinden takibini yapacak devlet sonra e-devlet kira sÃ¶zleÅŸmesi ile karÅŸÄ±laÅŸtÄ±racak sÃ¶zleÅŸme yoksa 1 rayiÃ§ kira bedeli kiracÄ±ya 12 ay kira rayiÃ§ bedeli ev sahibine cezayÄ± yapÄ±ÅŸtÄ±racak bakalÄ±m cesaret edebiliyor mu kimse??? Yeter ki bu kontrolleri hakkÄ±yla ve ayrÄ±m yapmadan yapsÄ±n. Fakat Ã¼lkede hiÃ§ bir iÅŸ doÄŸru yapÄ±lmÄ±yor ki bu yapÄ±lsÄ±n,2
Bizim komÅŸuya baybay o zaman,2
Vergi alÄ±nacak bu seferde ev sahÄ±bÄ± bunu kiracÄ±ya Ã¶detir,2
"Simdi mi akliniza geldi , ,zaten millet yapti yapacagi zamÄ±",2
Hadi inÅŸallah,3
Ä°ÅŸte ÅŸimdi s... Tuttunuz,1
kaÃ§ yÄ±ldÄ±r neredeydiniz,2
Bizim ev sahibi aÄŸlÄ±yor,1
Hadi inÅŸallah ÅŸu emlakÃ§Ä±lardan kurtulalÄ±m,3
Heh devlete yeni bi kaynak buldular tebrik ederiz,3
Ev sahibi kirayÄ± dÃ¼ÅŸÃ¼kten gÃ¶sterelim 5500 verceÄŸine 5000 ver diyor kiracÄ±da kabul ediyor. Sonra zam yaparkende aÄŸzÄ±nÄ± aÃ§amÄ±yor kiracÄ±,3
Kiralar DÃœÅECEK MÄ° ?,2
Ev sahipleri: Ã§okta yar.....mda,1
EmlakÃ§Ä±lar aÄŸlamaya baÅŸladÄ± mÄ±,2
Oh mis,3
Ã‡oÄŸu kiÅŸi sanÄ±yor saray kiracÄ±larÄ± dÃ¼ÅŸÃ¼nÃ¼yor hayÄ±r daha iyi vergi alabilmek iÃ§in,2
Harika dÃ¼ÅŸÃ¼nÃ¼lmÃ¼ÅŸ KaÅŸke zamanÄ±nda yapsalardÄ±,3
Cok cok bÄ±lÄ±ncsÄ±z ve bÄ±lgÄ±sÄ±z dusunulmus bÄ±r uygulama,1
@yilmazemlakedirne bundan sonra dÃ¼zgÃ¼n yaparsÄ±nÄ±z iÅŸinizi,3
Kaynak?,2
Ä°ÅŸte bu sÃ¼per oldu,3
YabancÄ± doldurmasaydiniz bugÃ¼n aglamzdiniz burda,2
AlÄ±m-satÄ±m komisyon bedellerinin gelir vergisi nasÄ±l olacak,2
"EmlakÃ§Ä±lar oyundÄ±ÅŸÄ±, emlakÃ§Ä±lar odasÄ± toplanÄ±r yarÄ±n ibb ye ",2
"Ã–nÃ¼ne gelen emlakÃ§Ä± olmuÅŸ o kadar cahil iÅŸ bilmez insanlar var ki ..,",1
HerÅŸey milletin yararÄ±na maÄŸdur dan yana olsun,3
Yeni yapÄ±lacak olan sÃ¶zleÅŸmeler iÃ§in mi geÃ§erli bu? Åimdi kardeÅŸim sÃ¶zleÅŸme yeniliyoruz ayaÄŸÄ±na depozito emlakÃ§Ä± payÄ± vs biÅŸey istemesin,3
"Yapan birsekilde kÄ±lÄ±fÄ±na uydurur iÅŸ yeri kiramizin yarÄ±sÄ±nÄ± elden veriyoruz, yarÄ±sÄ±nÄ± da bankaya yatÄ±rÄ±yoruz 1500 lirada kira artÄ±ÅŸÄ± yaptÄ±.",3
haketmedin abim,2
Benim iÃ§in dÃ¼nyanÄ±n en iyisi,3
Bana Ã¼Ã§ beÅŸ dakika mÃ¼sade edin Ã§ocuklar ,3
Ben senden RazÄ±yÄ±m Ronaldo ,3
KainatÄ±n gelmiÅŸ geÃ§miÅŸ en iyi futbolcusu CR7,3
Farkedermi reis tarihin en iyisi sensin,3
KainatÄ±n gelmiÅŸ geÃ§miÅŸ en bÃ¼yÃ¼k futbolcusu 'LEO MESSÄ°' dir bunu hiÃ§bir zaman unutmayÄ±n,3
Belki baÅŸka dÃ¼nyalarda baÅŸka Ronaldolar kazandÄ± o maÃ§Ä±,3
Portekiz  Ronaldo ya deÄŸer vermedi bu kadar etmekten sonra yedek kaldÄ±,3
SÄ±kma canÄ±n Ronaldâ€™Ä± seni seviyoruz Fas haketti,3
SÃ¶zÃ¼n bittiÄŸi yerâ€¦KÄ±ymetin bilinmedi be Ronaldoâ€¦AltÄ±nÄ±n deÄŸeri asla dÃ¼ÅŸmez Ã§amurun iÃ§inde bile olsa kirlide olsa altÄ±n altÄ±ndÄ±r,3
Zirveye Ã§Ä±kmÄ±ÅŸ bir futbolcu....,3
"BoÅŸver be Ronaldo, vallahi benim de kurduÄŸum nice hayal sona erdi. Allah imtihan etmesin, gerisi kolay :) KavuÅŸmak nasib olmasa tÃ¼rkÃ¼lerde buluÅŸuruz ğŸ˜‚",3
AdamÄ± yedek bÄ±raka bÄ±raka bitirdiler,1
Sen elimden geleni yaptÄ±n seni yedek bÄ±rakanlar utansÄ±n... Ã–z goatÄ±m,3
Bir ronaldocu olarak sadece Messinin kazanmasÄ±nÄ± istiyorum. Messi kazanÄ±rsa tÃ¼m ronaldocular sevinir.,3
42 yaÅŸindada gelirsin sen dunya kupasina Cr7.  Ruh ayni ruh degilmi olm . 25 veya 42 farketmez,3
Sen kalk futbol tarihine 10 yÄ±l boyunca hÃ¼kÃ¼m sÃ¼rmÃ¼ÅŸ kÄ±rÄ±lmicak rekorlari kÄ±rmÄ±ÅŸ bir oyuncuyu yedek birak sonra yenmeyi bekle Portekiz kendi ayaÄŸÄ±na sÄ±ktÄ± baÅŸka bir ÅŸey deÄŸil arjantinde 1 maÃ§ oynamasÄ±n messiyi bak nasÄ±l kaybediyor.,3
Ronaldocular bu dÃ¼nya kupasÄ±nda Messinin kazanmasÄ±nÄ± isteyecektir. Ronaldo olamadÄ± bari Messi olsun.,3
DÃ¼nden sonra portekiz kimsenin s2nde olmucak abim sÄ±kma canÄ±nÄ±,3
Problem deÄŸil patronâ€¦.,2
Bir gÃ¼n o kupayÄ± portekizle baÅŸka bir konumda alman dileÄŸi ile ,3
GOAT her zaman GOAT dÄ±r,3
United taraftarlari artik hicbir zaman Viva Ronaldo diye bagirmicakk ,3
Bir hayalinde yÄ±kÄ±lsÄ±n a.k dÃ¼nya yi top etmiÅŸ tekmeliyorsun gÃ¶zÃ¼ gÃ¼neÅŸimi dikti,3
Ee her istediÄŸin olmuyor,3
2026 da 41 yaÅŸÄ±nda yedek kulÃ¼besinde takÄ±m Ã¶ndeyken girersin bro,3
Ah be abi,2
50 dakika oyunda durdu bir kere topa vurdu kabullenin artÄ±k adam bitmiÅŸ,1
Ä°yi oldu tebrikler Fas ğŸ‡²ğŸ‡¦,3
41 yaÅŸ ronaldo dunya kupa ÅŸampiyon olacak,3
"Abi bÄ±rakÄ±n ÅŸu bos iÅŸleri, Messi kazansa ne olacak Ronaldo kazansa ne olacak ti, size giren Ã§Ä±kan ney de aptal gibi hareket ediyorsunuz, asÄ±l Fas yada HÄ±rvatistan hazanirsa sana bana umut olacak ilerleten turnuvalar iÃ§in, banane messiden Ronaldo dan",1
Belki teknik direktÃ¶r olarak kazanÄ±r kim bilir....,3
"ÃœzÃ¼lme, seni seviyoruz kardeÅŸim.",3
Ah be Ronaldo ,2
Ahhhh lan,2
ArtÄ±k bol bol Ramos u oynatabilirsin amk fernando santos u,1
ElmasÄ± Ã§amura batÄ±rÄ±p Ã§Ä±karsan yine elmastÄ±r @cristiano ,3
Onun teknik olarak sahada gelistirebilecek bir zekasÄ± var fakat Twitter kullanÄ±m tarzÄ± ve sayfalarÄ±n yÃ¶netimi siniflandirilmakla baÅŸlarsa bÃ¼yÃ¼k bir global gazete veri paylaÅŸÄ±mÄ± gÃ¶rebiliriz bu sayede Elon harikalar diyarÄ±nÄ±n prensi olur.,3
Kendi malÄ± kendi bilir,2
evet basanlarin hesaplar kapatildi kesin,3
Olum herkes nefret ediyorda ne yapti olum ben hayla twitterdan memunum,3
Evet diyenlerin hesaplarÄ± ÅŸu anda kapanmÄ±ÅŸ olabilir ,2
Ne gÃ¼lerim kapatsa evet diyenleri,3
Evet,3
Aday olim mi: evet,3
Bu sefer dÃ¼ÅŸmicem abi hayÄ±ra bastÄ±m.,3
Bence kendisinin bÃ¼tÃ¼n medya hesaplarÄ± kapatÄ±lmalÄ±,3
evet diyenlerin hesabÄ±nÄ± kapatsa,3
Evet oyu fazla yani bÄ±rakma devam et,3
hayÄ±r kÃ¼reselcilere yenil dÃ¼ÅŸme yiÄŸidim,2
"Sonradan twiti deÄŸiÅŸtirip ""HesabÄ±nÄ± kapatmak mÄ± istiyorsun?"" yapsa ne epic olur",2
"Ä°stifa olmaz , gÃ¶revden affÄ±nÄ± istemeli :)",2
"Ä°ki al ver yapar, anketleri tersine Ã§evirir",2
HayÄ±r devam etmeli,2
Oylamaya katÄ±lan botlarÄ± temizledikten sonra asÄ±l oylama sonucu ne Ã§Ä±kardÄ± acaba,3
Evet diyenlerin hesaplarÄ± kapatsa nasÄ±l olur,3
"BÄ±rakmasÄ±n, Twitter'Ä±n yok olmasÄ± herkesin hayrÄ±na olur",3
evet diyen herkese ban.,3
ELON LAFINA BAKARAK Ä°STÄ°FA EDECEK BÄ°RÄ° DEÄÄ°L,3
Evet diyenlerin hesabÄ±da gitti hayÄ±rlÄ± olsun,3
Evet e veren herkesin hesabini kapatsin,3
"Evet diyenlerin hesabÄ±nÄ± kapat elon abim, Ã§Ã¼nkÃ¼ demokrasi bunu gerektirir biz yÄ±llarca TÃ¼rkiye'de bÃ¶yle Ã¶ÄŸrendik",3
NasÄ±lÄ±m?-evet -hayÄ±r,2
TuzaklÄ± soru evet fiyenler banlancak,2
%57.5 artÄ±k Twitter kullanmÄ±cak,1
HayÄ±r verenler kesin Muskâ€™ Ä±n Ã§alÄ±ÅŸanlarÄ±.,2
Ä°stifa da bir hizmettir...,2
ParasÄ±yla deÄŸil mi deyip devan ederse jsksjsksjsj,2
hayÄ±r daha kÃ¶tÃ¼ye sarar ÅŸu anda gayet iyi elonun aklÄ±nda fikirleri var fakat insanlar ne yaptiÄŸini anlamayÄ±p sadece kÃ¶tÃ¼ye sÃ¼rÃ¼klediÄŸini algÄ±lÄ±yor,2
Eski manitanÄ±n hesabÄ± kapattÄ±ÄŸÄ±na gÃ¶re istifa et reis ,2
ÅŸimdi onlarÄ±n hesabÄ±nÄ± kapat reis,2
Evet diyenlerin hepsinin hesaplarÄ±nÄ± siliyormuÅŸ birde ne gÃ¼lerim,2
Evet diyenlerin hesabÄ±ni kapatsÄ±n hayÄ±r diyenlere onaylÄ± hesap yapsin,2
HayÄ±r diyenlere 0.0000001btc,2
%57 si hala fake hesap yani.,1
evet diyenlerin hesabÄ± kapansa icon mk,2
Bence en doÄŸru seÃ§enek Twitter'Ä± komple kapatmasÄ± olur da neyse...,1
Elon musk twitterÄ±n kurtarÄ±cÄ±sÄ± oldu o kadar sjw yanlÄ±sÄ± taraflÄ± bi yÃ¶netime sahipti ki evet diyenler ne dÃ¼ÅŸÃ¼nÃ¼yor merak ediyorum.,2
BilmediÄŸi iÅŸe girmemeliydi,2
"Åu storydeki linklere bir bakÄ±n, Ã§alÄ±ÅŸmÄ±yo geneli",2
Evet diyenlerin hesabÄ±nÄ± kapatsa baya komik olur,3
Evet diyenler gg hayÄ±r diyenlere mavi tik,2
BÄ±raksÄ±n en az twitter kitlesi kadar cringe,2
"desenize Twitterda %57,5 kadar hesap kapatÄ±lacak",2
Evet veren herkesin Twitteri kapansa ne komik olurdu,2
"Elon Musk Twitter servislerinden 3 gÃ¼n boyunca black mirror'un sosyal linÃ§ bÃ¶lÃ¼mÃ¼nÃ¼ yayÄ±nlasa, Twitter'e girmeye Ã§alÄ±ÅŸan herkes bu bÃ¶lÃ¼mÃ¼ izlemek zorunda kalsa sonra evet diyen herkesin hesabÄ±nÄ± kapatsa nasÄ±l gÃ¼zel olur.",3
elon: evet diyenleri banlasanÄ±za,2
Evet diyenleri banlarsa ne komik olur ,3
Elon Musk; Twitterin %42.5 i benim kalmamÄ± istiyor bu bÃ¼yÃ¼k bir oran onlarÄ± kÄ±ramam,2
Evet diyenlerin hesabi kapatcak oz abim,2
KafasÄ±na gÃ¶re karar verip. HarcadÄ±ÄŸÄ± paralarÄ± kitleden bi ÅŸeyler satÄ±p kazanmaya Ã§alÄ±ÅŸan. Her ÅŸeye ticari gÃ¶zle bakan birinin sosyal Media platformunu yÃ¶netmesi zaten saÃ§malÄ±k. Ã‡Ã¼nkÃ¼ yaptÄ±ÄŸÄ± iÅŸ ve alanÄ± ile alakasÄ± olmayan iÅŸe giriÅŸip batÄ±rmama ihtimalÄ± yok. Ã‡ocuk gibi aklÄ± ile komedyen oldu. Ciddiyetini yitiren adam Elon Musk ve onu sÃ¼rekli yaylaÅŸan @webtekno zaten Elon olmasa Webteknoya ekmek Ã§Ä±kmayacakmÄ±ÅŸ,2
Bir rivayete gÃ¶re evrendeki en hÄ±zlÄ± hareket eden ÅŸey Ä±ÅŸÄ±k deÄŸilde yorumlara dolan botlar dÄ±r,2
Sazan.avi yapmÄ±s evete basanlarÄ±n hesaplarÄ±nÄ± askÄ±ya alacak,2
Sonuca uyacaÄŸÄ±nÄ± sÃ¶ylemiÅŸti bakalÄ±m ne yapacak,2
TuzaklÄ± soru olduÄŸunu bilmeyen yoktur.,2
KÄ±lÄ±Ã§daroÄŸlu aday olsun mu? -Evet -HayÄ±r,2
Elon musk kÃ¼resel ekonominin onedio'sudur.,2
Peki ya evet diyenlerin hesaplari silinmesi,2
Twitter Ä± kapatÄ±p istifa etmesi,3
"Adam bu anketle bot hesaplarÄ± fiÅŸledi. Feyk hesap kullananlar bÃ¼yÃ¼k ihtimalle bu ankete lap diye atladÄ±. YarÄ±n Ã¶teki gÃ¼n bunu argÃ¼man olarak kullanirsa ÅŸaÅŸmam. "" Ã–r: ankete yanÄ±t veren hesaplarÄ±n %45 bot gibisinden """,2
doÄŸru cevap hayÄ±rdÄ± diyip tweet atmasÄ± yok mu,2
Evet diyenler ampull anketi sanmÄ±ÅŸ heralde,2
Sonra da EVET diyenlerin hepsini sonsuza kadar banladÄ±.,2
"Demekki hala daha Twitter da WOKE botlarÄ± Ã§oÄŸunlukta, reis devamke ",2
@webtekno  Bot dolmuÅŸ buralar son kale de dÃ¼ÅŸtÃ¼,2
Zaten kullanamÄ±yorum hesabÄ±m kapatÄ±ldÄ±. Beni Ã§ok alakadar eden bir durum deÄŸil.,2
Evet diyen herkes trol,2
Evet diyenlerin herkesin Twitter hesabÄ± kapandÄ± geÃ§miÅŸ olsun ,2
bu anket mantÄ±klÄ± bir ÅŸey deÄŸil,1
BasÄ±n Ã¶zgÃ¼rlÃ¼ÄŸÃ¼ olmalÄ±,2
TwitterÄ± niye aldÄ± ki zaten ,1
Manyak mÄ±sÄ±nÄ±z neden bÄ±raksÄ±n? Twitter da b12 ve folik Asit eksikliÄŸi yÃ¼zÃ¼nden akli melekeleri tam geliÅŸmemiÅŸ -Ã¶zellikle sol gerici ya da solperen ocaklarÄ± ve saÄŸ gericiler- zorbalarÄ±n kÃ¶kÃ¼nÃ¼ kazÄ±madan gitmemeli,1
PandanÄ±n  YouTube hesabÄ±nÄ± hacklemeden Ã¶nce dÃ¼ÅŸÃ¼ncekti,1
Evet diyenlerin hepsi ban yiyecek :D,2
AteÅŸle oynuyorlar,1
Evet diyen herkesi banlar abim ÅŸimdi fkskcksmcdmfm,3
HayÄ±r. Evet diyenler yÃ¶neticinin Rte olmasÄ±nÄ± istiyor galiba. Sonuna kadar Elon.,3
Devam etsin eylenceli negÃ¼zel banlÄ±yor ,3
Umarim diger sirketleride boyle salak sacma anlik kararlar ile yonetmiyordur.,1
Hadi ÅŸimdi o lavaboya otur,2
Hintliler basmÄ±ÅŸ botu belli,2
Evet diyenlerin hesabÄ±nÄ± askÄ±ya alacak kskdkjdndnd,2
Seri ban evet diyenlere,2
TÃ¼rk ekonomisi suan istenilen seviyede degil,1
Ekonomi konusunda kimse bilmeden konusuyor ,1
Yine her seyi siyasete bagladÄ±lar,1
"Gayet iyi ilerliyor tÃ¼rkiye, suan aÃ§Ä±m diyenlerin uydurmalarÄ±na kanmamak lazÄ±m",3
ÅÃ¼kÃ¼r etmesini bilmeyen insanlar var,1
Yetersiz olana yetersiz demek size ne kadar zor gelse de olanÄ± sÃ¶ylemek zorundasÄ±nÄ±z!,1
"AlÄ±m gÃ¼cÃ¼ Ã§ok dÃ¼ÅŸÃ¼k, insanlar geÃ§inemiyorlar.",1
Her ÅŸeye harika gÃ¶zÃ¼yle bakanlar gerÃ§ekten yalan konuÅŸuyordur.,3
Ä°stanbul'da sabah saatlerinde yaÄŸan yaÄŸmurun ardÄ±ndan gÃ¼neÅŸin aÃ§masÄ±yla Ä°stanbul BoÄŸazÄ±nda oluÅŸan gÃ¶kkuÅŸaÄŸÄ± masalsÄ± gÃ¶rÃ¼ntÃ¼ler oluÅŸturdu,3
"KabataÅŸ'ta tramvay kazasÄ± meydana geldi. YaralÄ±larÄ±n olduÄŸu Ã¶ÄŸrenilirken, olay yerine Ã§ok sayÄ±da saÄŸlÄ±k ve itfaiye ekibi sevk edildi. Olay nedeniyle tramvay seferleri de durdu",1
istasyonunda raydan Ã§Ä±kan tramvayÄ±n direÄŸe Ã§arpmasÄ± sonucu 4 kiÅŸi yaralandÄ±.,1
Vatman ise ifadesi alÄ±nmak Ã¼zere polis merkezine gÃ¶tÃ¼rÃ¼ldÃ¼,1
"Tayland'Ä±n gÃ¼ney eyaletlerinde etkili olan ÅŸiddetli fÄ±rtÄ±na ve yaÄŸÄ±ÅŸlar nedeniyle bin 361 kÃ¶y sular altÄ±nda kalÄ±rken, 3 kiÅŸi hayatÄ±nÄ± kaybetti",1
"Rusya Devlet BaÅŸkanÄ± Vladimir Putin, Ukrayna'dan ilhak edilen Herson, Zaporijya, Donetsk ve Luhansk'taki gÃ¼venlik durumunun son derece zor olduÄŸunu belirtti",1
Mehmet BÃ¼yÃ¼kekÅŸi: SÃ¼per Lig yeni web sitesi ligin ikinci yarÄ±sÄ±nda hayata geÃ§ecek. Premier Ligâ€™de olduÄŸu gibi bÃ¼tÃ¼n kulÃ¼plerimize saÄŸlayacaÄŸÄ±mÄ±z sponsorluk ile naklen yayÄ±n geliri dÄ±ÅŸÄ±nda bir gelir hedefliyoruz.,3
Mehmet BÃ¼yÃ¼kekÅŸi TFF'nin yeni kararlarÄ±nÄ± aÃ§Ä±kladÄ±: Hakem hakkÄ±nda her tÃ¼rlÃ¼ aÃ§Ä±klamaya ceza ,1
"Deplasman yasaÄŸÄ±, EURO adaylÄ±ÄŸÄ±, GÃ¶ztepe-Altay maÃ§Ä± sonrasÄ± yeni kararlar ve altyapÄ±...",1
Arjantin Milli TakÄ±mÄ± formasÄ±na Ã¼Ã§Ã¼ncÃ¼ yÄ±ldÄ±z ekleniyor,3
Galatasaray'da sÃ¼rpriz ayrÄ±lÄ±k oldu Ã¼zer bu,1
Yerine gelecek isim belli oldu ÅŸimdiden,2
"Mehmet BÃ¼yÃ¼kekÅŸi: EURO 2028 ve EURO 2032â€™ye ev sahipliÄŸi yapmak iÃ§in titizlikle hazÄ±rladÄ±ÄŸÄ±mÄ±z Ã¶n teklif dosyamÄ±zÄ± UEFAâ€™ya sunduk, ÅŸehirlerimizi de bildirdik. Umuyorum ve inanÄ±yorum ki bu iki ÅŸampiyonadan birinin ev sahibi biz olacaÄŸÄ±z.",2
Mehmet BÃ¼yÃ¼kekÅŸi: SÃ¼per Lig sosyal medya hesabÄ± Twitter Ã¼zerinden aÃ§Ä±ldÄ±. HesabÄ±n iÃ§erik ve takipÃ§i sayÄ±sÄ± ve oranÄ±nÄ± arttÄ±rmak iÃ§in Ã§alÄ±ÅŸmalar sÃ¼rÃ¼yor.,2
DÃ¼nya KupasÄ± boyunca Twitter'da en Ã§ok konuÅŸulan futbolcular:,2
Son Heung-min iyi topÃ§u hÄ±zlÄ± bayasÄ±.,1
"Mehmet BÃ¼yÃ¼kekÅŸi: Saha ve VAR hakemlerini birbirinden ayÄ±rarak, VAR hakemliÄŸinde uzmanlaÅŸmaya gittik. BirÃ§ok Ã¼lkenin de uygulamaya hazÄ±rlandÄ±ÄŸÄ± bu sistemde DÃ¼nya futboluna Ã¶ncÃ¼lÃ¼k ettik.",3
"Mehmet BÃ¼yÃ¼kekÅŸi: GÃ¶revimizin ilk gÃ¼nlerinde acil Ã§Ã¶zÃ¼m bekleyen askÄ±da olan harcama limitleri, yayÄ±n ihalesi, yabancÄ± sayÄ±sÄ± konularÄ±nÄ± Ã§Ã¶zÃ¼me kavuÅŸturduk. Yeni harcama limitlerini ilan ettik ve harcama limitlerinde talimatlarÄ± deÄŸiÅŸtirdik.",3
TFF BaÅŸkanÄ± Mehmet BÃ¼yÃ¼kekÅŸi aÃ§Ä±klamalarda bulunuyor.,2
"Åenol GÃ¼neÅŸ istedi, BeÅŸiktaÅŸ harekete geÃ§ti o trasfer gerÃ§ekleÅŸirse iÅŸlerine yarar.",1
Taksileri toplayÄ±n eksikliÄŸi hissedilmez bile.,1
Hepsini baÄŸlayÄ±n zaten durmuyorlar  ellerinize saÄŸlÄ±k,3
Ohhh bee iyi oldu yaÄŸmur altÄ±nda taksi bekledim gÃ¼nler aklÄ±ma geldi hastane kÃ¶ÅŸelerinde beklediÄŸim gÃ¼nleri de unutmadÄ±m,3
Hepsini baÄŸlayÄ±n elinize saÄŸlÄ±k,3
"â€¦.yapma abiâ€¦. gÃ¶zÃ¼nÃ¼ sevimâ€¦.   Hem suclular hem gÃ¼clÃ¼lerâ€¦. Cekin cezanizi. Bir de arkadasini cagirmis.  Kim bilir, sizler gibi insanlara kac kisi yalvardi beni alin diye.",1
Polislerimizi  allah  korusun,3
Halen taksicilerle ugrasiyorsunuz ya insallah bir gun muhtac olursunuz taksiye,1
Nedir Bu taksicilerden Ã§ektiÄŸimiz 'ya mÃ¼ÅŸteri beÄŸenmezler belediyede ÅŸikayetler 100 binleri buldu yazÄ±k Ä±mam oÄŸlu  geldi taksiciler bozuldu yazÄ±k yÃ¶netim yok,1
Show haber her zamanki gibi kendi bakÄ±ÅŸ aÃ§Ä±sÄ±ndan haber videosunu istediÄŸi gibi kesip yayÄ±nlamÄ±ÅŸ bir kÄ±sÄ±m gercekler saklanmÄ±ÅŸ,1
zaten taksicilerin %99luk kÄ±smÄ± yerli yolcu almÄ±yor toplasalarda eksikliÄŸi hissedilmez uber gelse bÃ¼tÃ¼n Ã¼lke rahatlar.... ama bu hÃ¼kÃ¼meti ben bir tÃ¼rlÃ¼ Ã§Ã¶zemedim hem durmadan denetim yaptÄ±rÄ±r hemde insanlarÄ±n beÄŸendiÄŸi uberi kapatÄ±r hahahahha,1
Taksicilere daha Ã§ok denetim istiyoruz yÃ¼zde sekseni berbat,1
Gecen otogarda 45 dk bekledik hic biri almadi yok ben oranin yok buraya gidiyorum sanki otostop cekiyoruz arkadas paraysa para siz nasil firsatcidiniz boyle 50 kilo cuvali yarim saat eve tasidim az bile,1
vallahÄ± bunlarÄ±n en Ä±yyÄ±sÄ± yok hepsÄ± aynÄ± bahane gunda 50 kera aynÄ±sÄ±nÄ± yaparlar ama polÄ±s durdurunceda yok suttan Ã§Ä±kmÄ±ÅŸ kaÅŸik gÄ±bÄ±lar.ohh Ä±yÄ± olmuÅŸ,1
Az bile bunlara,2
"IÅŸ gÃ¶rÃ¼ÅŸmesi iÃ§in Ã§ok Ä°stanbul'a geldim, herzaman taksiye binmeye Ã¼ÅŸeniyorum. Ã‡oÄŸu Ã§ok karaktersiz.",1
Nefes aldÄ±rmayÄ±n bunlara.. bir yerleri kalktÄ±..,1
Vallahi bilmiyorum saÃ§ma bir ÅŸey ama,1
bu goruntuleri gormek istiyoruz,3
Tek sonuÃ§ Uber istanbula,2
NAVÄ°GASYONLA DAYII,2
Bence bu taksiciler tamamen yasaklanmalÄ±,1
SÃ¼leyman'Ä±n yarisi mi ? hadi oradan,1
YÄ±l bilmesen Ã§aliÅŸma,2
Ä°yi yapmiÅŸ,3
Beter olun beter ohh    ohh     beter olun beter,1
AllahÄ±m herkesÄ±mÄ±ze yardÄ±mÃ§Ä± ol,3
Allah bu vicdanlÄ± adamlarÄ± korusun dogrucular marketlerde ki vicdansÄ±z adilerin iÅŸi gÃ¼cÃ¼ rast gitmesin inÅŸallah insanlarla dalga geÃ§meyin Ã¶bÃ¼r taraf var,1
YazÄ±klar olsun market Ã§alÄ±ÅŸanlarÄ±na mÄ± kaldÄ± artÄ±k Ã¼lkemizde denetim zabÄ±ta ekipleri yine yangelip yatmaya devam ediyor......,1
Ben zabÄ±ta ekipleri nin Ä°stanbul otogarinda rÃ¼ÅŸvet alarak bazÄ± uygunsuz fiyatlarÄ± gÃ¶rmezden geldiÄŸine bizzat ÅŸahit oldum ...,1
ALLAH CELLE CELALÃœHÃœ RAZI OLSUN SÄ°ZLERDEN,3
Bu haksÄ±zlÄ±ÄŸa birileri dur demeli artÄ±k market Ã§alÄ±ÅŸanlarÄ±nÄ±n haklarÄ± savunulmalidir,1
AllahÄ±m daha neler neler gorucez artÄ±k istediÄŸimiz yemeÄŸi bile yiyemiyoruz,1
Rezil yÃ¶netim neden denetlenmiyor bu marketler,1
Helal olsun sizlere aslanlar onlarÄ±n haram parasÄ± size zaten yaramaz,3
HaksÄ±zlÄ±ÄŸa gÃ¶z yumana biÅŸe yok ama sesini Ã§Ä±karana adaletsizlik yapÄ±n Allah gÃ¶rÃ¼yo,1
Daha neler neler beklicas bu benim sevdiÄŸim Ã¼lkede arkadaÅŸlar  Allah sonunuz hayÄ±rlÄ± uÄŸurlu etsin inÅŸallah gardaÅŸler,2
Marketlerde Ã§ok  bozuk Ã¼rÃ¼n var hakikaten  dÄ±ÅŸarÄ±  bÄ±rakÄ±lan  Ã¼rÃ¼nler geri konuyor bilmeyen  anlamayan alÄ±yor,1
"Bunlar olmuyor degil, oluyor ama zamanlamaya baktigimizda, neden hemen herseye inanalim, buda gÃ¼zel bir soru mesela. Fahis fiyatlar yÃ¼zÃ¼nden Marketlere baski yapiyoruz, gÃ¼zel ama bunlara bunu yapmakta mecbur kilanlarin hatasi yokmu? Durmadan gelen zamlarda satis yapan kisi neden zarara girsin? Ne kadar denetim var? Denetliyenler gÃ¶revlerini yapiyorlar mi? Her alanda ZamÂ´i durmadan kamci gibi yapistiranlarin hatasi yok mu? Bunlarin hepsi gÃ¼zel sorular, yaninda bunlarda sorulmali.",1
insanlarÄ±n saÄŸlÄ±ÄŸÄ± ucuz deÄŸilde Ã¼lkenin adaleti ucuz ,1
VicdansÄ±zlar Ã§okk bÃ¼yÃ¼k bir cezay hakkediyorlar iÅŸallah sesiniz duyarlar artÄ±k bÄ±ktÄ±k fÄ±rsat cÄ±larda her girdim market kavga ediyor  gÃ¼n gÃ¼nÃ¼ tutmuyor etiketler,1
neden bunu yapan marketlerin ismi verilmiyor haberi yapÄ±lmÄ±yor en bÃ¼yÃ¼k cezayÄ± yÄ±ne halk verir o markete ....adamlar iÅŸden cÄ±karÄ±lmÄ±ÅŸ market ismini versenÄ±ze halk alÄ±ÅŸveriÅŸi keserse bak bakayÄ±m o market ayakda durabÄ±lÄ±r mi,1
Benim bÃ¶le dÃ¼rÃ¼st Ã§alÄ±ÅŸanÄ±m olsa taÅŸ taÅŸ larini boynuma dolarÄ±m helal olsun dayÄ± size 1 iÅŸ kaybettiniz lakin bu haberi izleyenlerin gÃ¶nlÃ¼nÃ¼ fet ettiniz,3
"Bu marketlerde mecbur kalinmasa zaten kimse Ã§alÄ±ÅŸmaz, ama malesef mecbur insanimiz",1
"Ben TÃ¼rkiyeye tatile geldigimde sÃ¼rekli fiyatlari cekiyorum istedigim gibi, kimse bana mÃ¼dahale edemez Ã¶zellikle mÃ¼steri oldugum icin, yoksa dÃ¼nyayi ayagi kaldiririm.",2
Keske daha onceden yetkili birimlere haberi ucursaydiniz daha iyi olurdu yaptiklarida yanina kalmazdi,1
Hangi marketinde olduÄŸunu soyleseydiniz keÅŸke. Ben de ÅŸok market te Ã§alÄ±ÅŸÄ±yorum. Ã‡ok dikkat ediyoruz gerek tarihi geÃ§miÅŸ Ã¼rÃ¼nler iÃ§in gerekse etiketler iÃ§in,2
marketlerde cok olay dÃ¶nÃ¼yor  bunlar hiÃ§bir  daha neler var,2
KardeÅŸim kimse Ã§alÄ±ÅŸmasÄ±n kendileri Ã§alÄ±ÅŸsÄ±n yÃ¢da kapatÄ±rlar maÄŸazayÄ±,1
"Bende markette Ã§alÄ±ÅŸÄ±yorum,  Ä°se giriÅŸte sÃ¶zleÅŸmeleri imzaladÄ±ÄŸÄ±n anda kabul ediyorsun . Cekmeyeceksin kardeÅŸim, Ã§ekince ne oluyor ? Ã‡ektin de zammÄ± geri mi aldÄ±lar tam aksine 10 lira daha koydular .",1
Ya kocum iyi yaptin ama sen durus davrandin bide yetkililer durus davransa  durus insanin bu turkiyede yeri yok beeee aksini inkar eden varsa bana yassin,3
YazÄ±klar olsun insan hayatÄ± Bukadar mÄ± ucuz  vala bir kedi Veya kÃ¶pek kere iÅŸkence birÅŸey Olunca bizim m millet ayaklanÄ±yor BÃ¶yle olunca hiÃ§ ses Ã§Ä±karan Olmuyor hele bu zamanda Ã§ok ayip,1
Bu tÃ¼rlÃ¼ insanlar in dukkanlarini  kapatacak devlet,1
Markette et tavuk sÄ±kÄ±ntÄ± yawf indirim yapÄ±lan marketler tarihi geÃ§miÅŸ yada 1 gÃ¼n kalasiya kendi etiketlerini geÃ§iriyorlar,1
Allah iÃ§in kaÃ§a tuttunuz bu garibanÄ± :)  yalan haberde Ã¼stlerine yok. Onu bunu bÄ±rakÄ±nda ÅŸu delimine ye aÄŸÄ±rlÄ±k verin biraz. Nefret ediyorum ondan.,1
"5 yÄ±l market sektÃ¶rÃ¼nde Ã§alÄ±ÅŸtÄ±m,tam kÃ¶le pazarÄ±",1
Åeker hastasÄ± olunca iÅŸtenmi kovuyorlar baÅŸÄ±ma ona benzer biÅŸey geldide ÅŸeker hastasÄ±yÄ±m diye iÅŸe almamÄ±ÅŸlardÄ±,1
iade gelen Ã¼rÃ¼nler tekrardan satÄ±ÅŸa sunuluyor defalarca o Ã¼rÃ¼n geri gelmeyinceye kadar aynÄ± Ã¼rÃ¼n ayÄ±plÄ± eksik yada bir parÃ§asÄ± eksik olmasÄ± Ã¶nemli degil tekrardan rafa konuluyor hilelerinden biride bu,1
"Ben de Ã§Ä±karÄ±ldÄ±m, mÃ¼ÅŸteriler ve insanlar, iÅŸverenler garip garip talep istekleri var, istememeleri ÅŸikayet etmemeleri gereken ÅŸahsa karÅŸÄ± meseleler ben hukuk karÅŸÄ±sÄ±nda da ilahi adalette de her zaman haklÄ±yÄ±m beni hiÃ§ bir kadÄ±n kendini savunup ya da insan yÄ±kamaz. saÃ§ma sapan ÅŸikayet konularda ÅŸikayet edilip ya da isteklerle gelince insan Ã§ok sinirleniyor, sen yol alamÄ±yorsun. O zaman kimse yol almasÄ±n zaten alamÄ±yorsunuz da kendinizi kandiriyor sunuz",1
Buna dur diyelim artÄ±k biz vatandaÅŸ olarak hep beraber olursak buna son verdire biliriz herkes yazarsa sayÄ±n cumhur baÅŸkanÄ±mÄ±z duyar ve gerekenleri yapar hadi tÃ¼rkiye verelim el ele,3
O marketlerin adÄ±nÄ± yazÄ±n da bizde bilelim,2
yazsana kardeÅŸim hangi market herkes ifÅŸa etsin,2
A 1001 Ã§alÄ±ÅŸanlarÄ±da diyor bozuk Ã¼rÃ¼ne yeni etiket yapÄ±yorlar diye,2
Yaa hu esnaf fÄ±rsatÃ§Ä±. Hepsi tam bi AllahÄ±n cezalarÄ± tam.,1
ZammÄ± yapanlarÄ± deÄŸil fotoÄŸrafÄ±nÄ± paylaÅŸan a ismen yapÄ±lÄ±yor,2
Zabita seyyar saticiyi kovalar bÃ¶yle iÅŸletmecilerinde verdiÄŸi rÃ¼ÅŸvetlerle tezgahÄ±nÄ± dondurur,1
Marketten ne et alÄ±nÄ±r ne meyve ne sebze gidin etinizi Kasaptan alÄ±n peynirinizi peynirciden,1
izinsiz fotoÄŸraf Ã§ekmek veya gÃ¶rÃ¼ntÃ¼ almak (Ã¶nceden haber verilmesi gerekiyor) yasak diye biliyorum...,2
0:58 Ã§ok anlamlÄ± bakÄ±ÅŸmÄ±ÅŸlar...,3
IÃ§imizde yÄ±lan besledik,1
A101 bim ÅŸok ÅŸuan hepsinde bunlar oluyor,2
Bu Marketler bi dolaplar Ã§eviriyor ya  Hadi hayÄ±rlÄ±sÄ±,2
gÃ¼n gelir hesap dÃ¶ner,2
Ben hep 50 liralÄ±k alÄ±yorum bu bÃ¼yÃ¼lÃ¼ sÃ¶zÃ¼ sÃ¶ylÃ¼yerek alÄ±ÅŸveriÅŸ yapÄ±n,2
Market ismi vermeyim geÃ§en hafta yarÄ±m kilo KaÅŸar peyniri almÄ±ÅŸtÄ±m evde aÃ§tÄ±m tam menemen yapacaktÄ±m  canÄ±m Ã§ekti bir dilim tadÄ±na bakayÄ±m dedim  aÄŸÄ±zima atmamla Ã§Ä±karmam bir oldu leÅŸ  gibi kokuyordu bozulmuÅŸ  hemen geri gÃ¶tÃ¼rdÃ¼m Allah korusun zehirilene bilirdim   market Ã§alÄ±ÅŸanlardan bir bayan abi Ã¶zÃ¼r dilerim hakkÄ±nÄ± helal et dedi bende ÅŸikayetimden vazgeÃ§tim,1
BunlarÄ± kutsayalim tabi efendim,3
Bizim Ã¼lke MÃ¼slÃ¼manin MÃ¼slÃ¼mana geÃ§irdiÄŸi bir yer,1
Vay hale bak,2
Nerdeee bu denetimcilerrrr,1
"Muhafezekar, Milliyetci ve MÃ¼slÃ¼man TÃ¼rkiye kazÄ±k serbest",1
kan donduran iddialar ,1
Ee ne olacak ÅŸimdi,2
Daha beter olun. Bizim milletimiz bozuk kardeÅŸim hiÃ§ kimseyi suÃ§lamayÄ±n. Herkes yalancÄ± olmuÅŸ,1
Benim en gÃ¼vendiÄŸim market bim migros ve Carrefour A 101 ve ÅŸoka girmem bile berbat herseyleri,1
"Ben iÅŸimi yapÄ±p aldÄ±ÄŸÄ±m paraya bakarÄ±m kardeÅŸim Ã¶yle her yere burnumu sokmam. Patron bana para versin o yeter fiyatmÄ±ÅŸ, zammÄ±ÅŸ bilmem ben. Kendimi kovdurmaya niyetim yok iÅŸ bulmak kolay deÄŸil",2
Tabi efendim,3
AÅŸaglÄ±klar,1
Yassah evladÄ±m fotoÄŸraf Ã§ekmen. Åirket sÄ±rlarÄ±nÄ± ifÅŸa edemezsin. Ä°ÅŸer girerken imzaladÄ±ÄŸÄ±n sayfa sayfa sÃ¶zleÅŸmenin iÃ§inde mutlaka geÃ§er. Mesai saatleri iÃ§inde kafana gÃ¶re fotoÄŸraf Ã§ekip sosyal medyada paylaÅŸamazsÄ±n. Marketleri savunuyorum ama hiÃ§bir personel bunu yapamaz,1
Kendinilerini kahraman olarak satmak istiyorlar,2
Antalya gÃ¼zel bir ÅŸehir. BirÃ§ok kez gitmiÅŸimdir.,3
"Antalya cidden Ã§ok gÃ¼zel ÅŸehir, 12 yÄ±ldÄ±r Antalyada yaÅŸÄ±yor olmam",3
Ben AntalyalÄ±yÄ±m gerÃ§ekten yaÅŸadÄ±ÄŸÄ±m yere bayÄ±lÄ±yorum hem doÄŸa hem deniz hem tarih,3
Ä°Ã§ pazar dÄ±ÅŸ pazar efsanesi vardÄ± ya her alÄ±ÅŸveriÅŸte kimlik sorulacak arkadaÅŸ TÃ¼rke ayrÄ± pazar kazancÄ±na gÃ¶re yabancÄ±ya ayrÄ± pazar kazancÄ±na gÃ¶re olacak.,3
Abi otel gÃ¼nlÃ¼k kaÃ§? 60 euro ama size 1000 TL olur.,2
Antalya BalayÄ± yapacak Ã§iftlerimize gider !! Dikkatimi Ã§ekmiyor,2
neden euro abi ÅŸaka mÄ±sÄ±nÄ±z siz ya ?,1
HayÄ±rdÄ±r TÃ¼rkiyeâ€™nÄ±n para birimi euro olduda bizim mi haberimiz yok?,2
Ä°yiki varsÄ±n Ã¶zel insan ! Seninle dÃ¼nya daha gÃ¼zel.,3
Sen tÃ¼rkiyenin sadece askeri ve neferi degil tÃ¼rkiyenin gururu oldun Allah senin gibi gercek kahramani Ã¼lkemize verdigi icin cok mutluyum basarinin daima devamini isterim,3
MaÅŸallah... Vatansever Ã§ocuk...,3
AllahÄ±m hayatÄ±nda her daim yanÄ±nda olsun insallah sayÄ±larÄ±nÄ±z artsÄ±n abim vatan sizin gibi insanlara minnetar ,3
Bu gÃ¼zel cennet  vatanÄ±n sizin gibi gÃ¼zel insanlara ihtiyacÄ± var AllÃ¢h saÄŸlÄ±klÄ± mutlu Ã¶mÃ¼rler versin inÅŸallah,3
Elini Ã¶pÃ¼yorum abi... Senin kadar olamadÄ±k.. HakkÄ±nÄ± helal et,3
Harika insan kendini tamam sayÄ±p zerene bile ulaÅŸamayan insanlara Ã§ok bÃ¼yÃ¼k bir derssin Ã¶nÃ¼nde saygÄ±yla eyiliyorum iyki varsÄ±n iyki mÃ¼cadeleden hiÃ§ vaz geÃ§medin,3
"Allah senden razÄ± olsun, senin gibi baÅŸarÄ±lÄ± ve senin gibi milli dÃ¼ÅŸÃ¼nen insanlara Ã§ok ihtiyacÄ±mÄ±z var,",3
"Ã–ÄŸretmenim ve Ã§ok farklÄ± dÃ¼ÅŸÃ¼nen bir Ã§ocuÄŸum var, ders dinlerken sÃ¼rekli tasarÄ±mlar yapÄ±yor, buna raÄŸmen dersi anlÄ±yor, sosyal sorunlar yaÅŸadÄ±ÄŸÄ± oluyor, yeteneklerinin sÄ±nÄ±f ortamÄ±nda kÃ¶releceÄŸinden endiÅŸe ediyorum. FarklÄ± bir eÄŸitim alÄ±p potansiyelini ortaya koymasÄ± gerektiÄŸini dÃ¼ÅŸÃ¼nÃ¼yorum, ilerde Ã¼lkeye faydalÄ± Ã¼retken bir birey olabilecek kapasiteye sahip. Ne yapabileceÄŸimi araÅŸtÄ±rdÄ±m ama bu yaÅŸ grubunda yapÄ±labilecek tek ÅŸeyin bilim sanat merkezlerinde olduÄŸu sÃ¶ylendi. Bilim sanat sÄ±navÄ±na girdi ancak dikkat daÄŸÄ±nÄ±klÄ±ÄŸÄ± da yaÅŸÄ±yor bu sÄ±navlarda sÃ¼re ve dikkat zekanÄ±n Ã¶nÃ¼nde, lÃ¼tfen bu Ã§ocuklarÄ± harcamayalÄ±m, daha doÄŸru yÃ¶ntemlerle tespit edelim, ihtiyaÃ§larÄ± olan eÄŸitimi verelim. Bana Ã§ocuÄŸumuz iÃ§in farklÄ± bir seÃ§enek sunulmadÄ±. Sincan Alparslan Ä°lkokulu 3/E  SÄ±nÄ±fÄ± Ã–. C. C.  (Ä°sminin ilk hafleri)  harcamayalÄ±m, bu konuda yetkisi ve yardÄ±mÄ± olabilecek  kim varsa yardÄ±mÄ±nÄ±za minnettar oluruz. Bu kardeÅŸimiz vesilesiyle bir evladÄ±mÄ±zÄ± daha vatana millete kazandÄ±ralÄ±m. KardeÅŸimizi de tebrik eder, Ã¼lkemize katkÄ±larÄ±ndan dolayÄ± teÅŸekkÃ¼r ederiz",3
AÄŸlattin be abi   Yolun aÃ§Ä±k olsun inÅŸallah,3
Helal olsun eli Ã¶pÃ¼lesi abim Allah senin gibi vatansever abilerimizin ve ablalarimizin sayÄ±sÄ± ni artÄ±rsÄ±n inÅŸallah,3
GÃ¼zel  insan senin gibi koca yÃ¼rekler sayesinde bu Ã¼lkenin sÄ±rtÄ± yere gelmez Allahu Teala hazretleri senden razÄ± olsun,3
"O insan Ã¶ÄŸretmen olmuÅŸ ama insan olamamiÅŸ, insanlarÄ± kÃ¼Ã§Ã¼mseyen hor gÃ¶ren kusurlarini kabullenmeyip dÄ±ÅŸlayan insanlar lÃ¼tfen Ã¶ÄŸretmen doktor olup insan eÄŸitiminin Ã¶nemli olduÄŸu  yaÅŸama alanlarinin Ã¶nemli olduÄŸu yerlerde olmayin bi bitin artik..",3
Allahim sana yardimci olsun benim guzel kardesim. Senin guzel kalbine bu ulkenin ihtiyaci var. Allah yar ve yardimcin olsun,3
Allah yolunu aÃ§Ä±k etsin kardeÅŸim ï¸,3
"Ben TÃ¼rkiyeye tatile geldigimde sÃ¼rekli fiyatlari cekiyorum istedigim gibi, kimse bana mÃ¼dahale edemez Ã¶zellikle mÃ¼steri oldugum icin, yoksa dÃ¼nyayi ayagi kaldiririm.",2
abi yalan bilgi paylaÅŸmayÄ±n bizim mahallede hurdacÄ±da Ã¼niversite mezunu Ã§alÄ±ÅŸÄ±yor tÃ¼rkiye cennet,2
"ArtÄ±k iddia oynamaya baÅŸlayacaÄŸÄ±m , haber sayfalarÄ± benim psikolojimi kÃ¶tÃ¼ etkiliyor. ",1
Durmak yok yola devam aÄŸzÄ±mÄ±zdan lokmayÄ± alana kadar gÃ¼Ã§lÃ¼ TÃ¼rkiye ,2
sonra sorsan bizim cahillere asgari ucrete zam gelsin der asgari ucrete yuzde 20 zam gelse marketteki urunlere yuzde 50 zam geliyor,2
enflasyon ve iÅŸsizlik ters orantÄ± deÄŸil miydi,2
Cidden iÅŸsizlik hakkÄ±nda bi ÅŸey duymak istemiyorum artÄ±k psikolojim bozuldu 6 aydÄ±r iÅŸ aramaktan,1
TÃ¼ik yatacak yerin yok,1
Yaz TÃ¼rkiye de Ã§alÄ±ÅŸma oranÄ± 89.8,2
issizlik oranini azaltmak icin Ã¼niversitesi sinavinin barajini kaldirirsin ama issizlik orani artmaya devam eder,2
Yuzde 25 o zaman gerÃ§eÄŸi. En az yuzde 150 fark oluyor Ã§Ã¼nkÃ¼ gerÃ§ekle aralarÄ±nda,2
Yok bee artmÄ±ÅŸ olamaz iÅŸinize bakÄ±n. Hep iÅŸ beÄŸenmeyen kÃ¶leler yÃ¼zÃ¼ndendir yÃ¼kseldiyse. Ne olmuÅŸ kÄ±rbaÃ§lÄ±ysa Ã§alÄ±ÅŸma ortamÄ±...,2
Heeee heeee ayni eflasyon rakamlari gibi,2
Ä°ÅŸ Ã§ok Ã§alÄ±ÅŸan yok,2
Daha fazla olmasÄ± gerekir. Yani daha fazla iÅŸten Ã§Ä±karÄ±m lazÄ±m anlamÄ±nda diyorum. Burda evet bazÄ± dar gelirli aileler zor durumda kalacak ama faiz artÄ±ÅŸÄ± ile sÄ±cak ekonomi ancak bu ÅŸekilde soÄŸutulur. SeÃ§im yaklaÅŸtÄ±ÄŸÄ± iÃ§in enflasyonun yolunu aÃ§tÄ±lar zaten. Yapacak biÅŸey yok. Bu sadece TÃ¼rkiye deÄŸil tÃ¼m Ã¼lkeler iÃ§in geÃ§erli. Realist dÃ¼ÅŸÃ¼nÃ¼n. Mecbur birileri yanÄ±cak bu iÅŸin baÅŸka hiÃ§ bir Ã§Ã¶zÃ¼mÃ¼ yok yoksa ekmek 50 lira olur asgari 30 bin farketmez. TÃ¼ketimi kÄ±smamÄ±z gerekiyor. Enflasyon tepe yaptÄ±mÄ± reel fiyatlarda dÃ¼ÅŸÃ¼ÅŸ yaÅŸanÄ±r. Nominal yengeÃ§ devam eder. VelhasÄ±l kelam mecburen mecburen ve mecburen faiz arttÄ±rÄ±lacak iÅŸten Ã§Ä±karÄ±m artacak enflasyon baskÄ±lanacak ve cari aÃ§Ä±k dengelenecek.,1
SÄ±rf babama yardÄ±m edeyim diye bir Ã§aÄŸrÄ± merkezinde iÅŸe girdim yapÄ±lan mobbingler az mola sÃ¼releri verilmeyen primler 4 yÄ±ldÄ±r tetiklenmeyen anksiyetemi 1.5 ayda tetikledi tekrar antidepresana baÅŸladÄ±m. Sonra da genÃ§ler iÅŸ beÄŸenmiyor diyorlar,1
Asgari Ã¼cretteki artÄ±ÅŸtan sonra iÅŸten Ã§Ä±karÄ±lmalarÄ± gÃ¶rÃ¼n bir de,2
Aynen kanka bana bir touch blue,2
Ã‡alisma orani 90% bir de bu yÃ¶nden bakin (pozitiflik),3
TÃ¼rkiye ÅŸaha kalkiyehhhh madenler cikiyeahhh 2023 de sÃ¼per gÃ¼Ã§ oluyeahhh ,3
Abovvv sayÄ±ya bak ,3
Bence Ã§alÄ±ÅŸan oranÄ± 10,2
tuik dediyse kesin gÃ¼venilir zaten.,3
tuÄ°k (israil) usta ben daha bakmam,2
Calis turko belki oy verdiginde duzelir hersey :),3
Yalan sÃ¶ylÃ¼yor  0.4 artÄ±ÅŸ oldu,1
Ocaktan sonra gÃ¶rÃ¼n,2
Tuik i Ã§arpÄ± 10x den hesaplÄ±yoruz bu arada,2
A haber: Ã‡alÄ±ÅŸma oranÄ± %90,3
Yok yok CumhurbaÅŸkanÄ±mÄ±z hersey guzel oldu diyordu yalan sÃ¶ylÃ¼yorsunuz (!),1
Ä°ÅŸten ayrÄ±lmÄ±ÅŸ bir bireyi hemen iÅŸsiz saymayan tuik demiÅŸ. En az 2 katÄ±dÄ±r,2
Yaz Ã§alÄ±ÅŸma oranÄ± de %90,3
Bu oran yanlÄ±ÅŸ iÅŸsizlik oranÄ± 0 olmalÄ± ,1
Yaz Ã‡alÄ±ÅŸma oranÄ± %90,3
Ä°ÅŸsizlik %10 mu? Peki :),2
"Evet Ã§Ã¼nkÃ¼ din kardeÅŸimiz suriyeliler bizim yerimize Ã§alÄ±ÅŸÄ±yor biz yorulmayalÄ±m diye , nekadar dÃ¼ÅŸÃ¼nceliler ğŸ¤¤",3
Tuik ne diyorsa 10la carpin,2
YÄ±lbaÅŸÄ± sonrasÄ± %10000 jdjdjdfj,2
HÃ¼kÃ¼met  zenginden iÅŸverenden yana  adam evine  lÃ¼ks  tv  alÄ±yo  vergiden dÃ¼ÅŸÃ¼yo  bizde  2. Ele  talim,2
%20 de sen ona,2
Her yerde iÅŸe almak iÃ§in yaÅŸ sÄ±nÄ±rÄ± var onun iÃ§in evde oturuyoruz,2
Ã‡alÄ±ÅŸÄ±yorum ama iÅŸsizim,2
Ã‡alÄ±ÅŸma oranÄ± %89.8 (!),2
Ã‡ok daha artar,2
Yaz Ã§alÄ±ÅŸma oranÄ± %90 TÃ¼rkiye cennet,3
Benim iÅŸsizlik oranom %100,2
"ArkadasÌ§lar oÌˆncelikle merhabalar bizim ailecek buÌˆyuÌˆk maddi sÄ±kÄ±ntÄ±larÄ±mÄ±z vardÄ±. Toplam 140 bin borcumuz vardÄ±. Hacizlik olmusÌ§tuk nereye gitsek bulamadÄ±k esÌ§ dost akraba her yer kapÄ± duvar oldu bize tam umudumuzu kestik derken bir dostumuz @leylaozceliik1 sayfasÄ±nÄ± tavsiye etti bize allaha sÌ§uÌˆkuÌˆr bize yardÄ±mcÄ± oldu ve buÌˆtuÌˆn sÄ±kÄ±ntÄ±larÄ±mÄ±zdan kurtardÄ± bizi. Bu nedenle herkese tavsiye ediyorum. Kesinlikle darda olan, paraya ihtiyacÄ± olan kesinlikle ulasÌ§sÄ±n namuslu ve sÌ§erefli biridir sayfasÄ±na bakarsanÄ±z ne dedigÌ†imi anlarsÄ±nÄ±z. Normalde macÌ§ bahis isÌ§lerinden anlamÄ±yorum ama sÌ§uÌˆkuÌˆrler olsun sÌ§imdi evimiz var isÌ§imiz var kaybetme riski 0 sÌ§imdiden herkese hayÄ±rlÄ± kazancÌ§lar dilerim hayÄ±rlÄ± guÌˆnler @leylaozceliik1",1
Yav hakketen bu iÅŸsizler nerede? Bilen var mi..,2
2. fotoda neden nusret einstein var,2
GÃ¼zel bilgi. Cloppecomâ€™u anÄ±msattÄ±.,3
"EÄŸer molekÃ¼llerin hÄ±zÄ± ile sÄ±caklÄ±klarÄ± Ã¶lÃ§Ã¼lÃ¼yorsa, maksimum sÄ±caklÄ±klarÄ± da molekÃ¼llerinin Ä±ÅŸÄ±k hÄ±zÄ±na ulaÅŸtÄ±ÄŸÄ±nda sahip olacaÄŸÄ± sÄ±caklÄ±ÄŸa eÅŸit olabilir diyebilir miyiz?",2
O zaman Ã¶nemli bir soru bilen yanÄ±tlasÄ±n. AynÄ± miktarlarda biri en soÄŸuk -273 derece olan bir maddeyle diÄŸeri ondan hadron Ã§arpÄ±ÅŸmasÄ±ndaki sÄ±caklÄ±ÄŸa yakÄ±n olan bir madde birleÅŸtirildiÄŸinde ne olur?,2
Benim ayaklar Ã¶yle,2
AramÄ±zda giren soÄŸukluk -999 kelvin ;(,1
SÄ±vÄ± nitrojen -196 derece onu gÃ¶rdÃ¼k,2
Neredeyse Adana kadar sÄ±cak!  5 trilyor kelwwiiinnn diyemedim bile ,2
YazÄ± sanki Evrim AÄŸacÄ± Ã‡aÄŸrÄ± Mert BakÄ±rcÄ± tarafÄ±ndan yazÄ±lmÄ±ÅŸ gibi. Kelime ve anlatÄ±m ÅŸekli Ã§ok benziyor ,2
Yani ÅŸÃ¶yle dÃ¼ÅŸÃ¼nÃ¼n. Duran bir top daha yavaÅŸ gidemez,2
0.006 kelvin kaÃ§ santigrat dereceye denk geliyor acaba?,2
"SÄ±caklÄ±k hareket hÄ±zÄ±ndan oluÅŸuyorsa, ve bir sonu Ã¶ngÃ¶rÃ¼lmÃ¼ÅŸ deÄŸilse parÃ§acÄ±klar Ä±ÅŸÄ±k hÄ±zÄ±nÄ± da geÃ§iyor olmaz mÄ±? GerÃ§i atom ve altÄ± dÃ¼nyada bu mekanikler Ã§ok daha farklÄ± ama olsun merak ettim",2
"-273,15 mutlak sÄ±caklÄ±k yani 1 kelvin. Daha dÃ¼ÅŸÃ¼k olamaz. Ama sÄ±caklÄ±k olarak bir pozitif bÃ¶lgede bir sÄ±nÄ±r yok",2
kimya gazlar Ã§alÄ±ÅŸÄ±rken gÃ¶rdÃ¼m bÄ±ktÄ±m yeter,1
"0 Kelvin'e ulaÅŸÄ±lÄ±rsa, evren donar diye bir komplo teorisi vardÄ± en son zhahhs",2
"AslÄ±nda mutlak sÄ±fÄ±r -273.15 derece. 0,15 de nedir derseniz, bilim sizi Ã§ok gÃ¼zel yanÄ±ltÄ±r.",2
SimÃ¼lasyonu kodlayanlar sÄ±nÄ±r koymuÅŸ iÅŸte ne anlatiyonuz,2
Benim ayaklarÄ± test etmedikleri iÃ§in en dÃ¼ÅŸÃ¼k sÄ±caklÄ±k rekoru henÃ¼z kÄ±rÄ±lamadÄ±.,2
Abi 5 milyon da gÃ¼zel tost olur hee,3
Adana kan aÄŸlÄ±yor,1
"Ã¼st sÄ±nÄ±r da molekÃ¼llerin hareketiyle alakalÄ± deÄŸil mi? evrendeki en yÃ¼ksek hÄ±z yani hÄ±z limiti Ä±ÅŸÄ±k hÄ±zÄ± olan saniyede 300.000km de bize Kelvinin Ã¼st sÄ±nÄ±rÄ±nÄ± vermeli gibi geliyor tabi benim fikrim bu, bilgisi olan aÃ§Ä±klarsa sevinirim.",2
Beyler EÄŸer Bir Ortamdaki TÃ¼m MolekÃ¼ller -273 Derece Olursa O OrtamÄ±n ZamanÄ± DurmuÅŸ Diyebilir miyiz?,2
Ä°nsanlÄ±ÄŸÄ±n ulaÅŸtÄ±ÄŸÄ± en dÃ¼ÅŸÃ¼k sÄ±caklÄ±k bilgisi yanlÄ±ÅŸ. Ã–rneÄŸin alÄ±cÄ± azot tanklarÄ± -196 dereceâ€™dir.,2
evrim aÄŸacÄ±ndan mÄ± alÄ±yorsunuz iÃ§erikleri.,2
Ya babacÄ±m kurcalamayÄ±n iÅŸte,1
Santigrat deÄŸil Kelvin,2
Bu kararlÄ± sÄ±caklÄ±k diye bir ÅŸey vardÄ± galiba -273â€™Ã¼n altÄ±ndaki bir sÄ±caklÄ±kla ilgiliydi bununla ilgili bilgisi olan varsa yazabilir mi bilgisi olmayan ve Ã§ocuklar yazmasÄ±n kÃ¼fÃ¼r edeceÄŸim artÄ±k,2
yanlÄ±ÅŸ eski sevgilimin kalbi daha soÄŸuk,1
Mutlak sÄ±fÄ±r Ä± baz alÄ±rsak sÄ±caklÄ±k derecelerinde aslÄ±nda eksi deÄŸer yoktur suyun donma  derecesi ise 273Â° oluyor demek ki,2
Mutlak sÄ±caklÄ±k ve ya soÄŸuk diye bir ÅŸey yoktur -273Â° dediÄŸiniz ÅŸey bir molekÃ¼lÃ¼ tamamen durdarmak demek ve bir molekÃ¼lÃ¼ tamamen durmak mÃ¼mkÃ¼n olabilecek bir durum deÄŸil Ã§Ã¼nkÃ¼ henÃ¼z maddenin en kÃ¼Ã§Ã¼k yapÄ± taÅŸÄ±nada ulaÅŸÄ±lamadÄ± bu da demektir ki nasÄ±l sÄ±caklÄ±ÄŸÄ±n bir sÄ±nÄ±rÄ± yok ise soÄŸukluÄŸunda bir sÄ±nÄ±rÄ± yoktur. Bu arada benim de yaz kÄ±ÅŸ ellerim -273Â°.,2
"Biryerinizden uydurdugunuz bilgileri net bir bilgi diye millete soylemeyin, 5 trilyonmus lan 5 trilyon tl ne kadar yapiyo biliyo musunuz 220 dolar",2
KaÃ§ saniyede mangal yapabiliriz?,2
0 kelvin,2
Yorumlara bakiyorum hep dassaq gecme lanolm azcik bilimsel yaklaÅŸÄ±n ciddi olun biraz,2
termodinamiciler aÄŸlÄ±yo suan,1
O zaman en sÄ±cak ÅŸey plazma olabilir mi?,2
GÃ¼vendiÄŸim daÄŸlar -273Â°C,2
"TermodinamiÄŸin Ã¼Ã§Ã¼ncÃ¼ kanunu. SÄ±fÄ±r kelvinde cisim hareketsizdir ve enteopisi sÄ±fÄ±rdÄ±r. Ancak hareket varsa hayat vardÄ±r, ve bu varsa da bozulmalar, dengesizlikler olacaktÄ±r. Bu mÃ¼cadeleyi sonsuzda kazanmak imkansÄ±z olsa da sisteme sÃ¼rekli enerji giriÅŸiyle kendimiz durana kadar enteopiden korunabiliriz. :)",2
Siz hiÃ§ Erzurum'a gitmediniz herhal?,2
Ä°ki atom altÄ± parÃ§acÄ±k Ä±ÅŸÄ±k hÄ±zÄ±na Ã§ok yakÄ±n bir hÄ±zda hadron Ã§arpÄ±ÅŸtÄ±rÄ±cÄ±sÄ±nda Ã§arptÄ±rÄ±ldÄ±ÄŸÄ±nda 4-5 trilyon santigrat derece sÄ±caklÄ±k ortaya Ã§Ä±ktÄ±. SÄ±caklÄ±k atom altÄ± dÃ¼zeyde oldugu iÃ§in ortalÄ±ÄŸÄ± yakmadÄ±.,2
20 derecenin 10 derecenin iki katÄ± olmadÄ±ÄŸÄ±nÄ± Ã¶ÄŸrendiÄŸimden beridir her ÅŸeye ÅŸÃ¼pheci yaklaÅŸÄ±yorum,2
Allah ol der ve olur,3
GÃ¼neÅŸin yÃ¼zey sÄ±caklÄ±ÄŸÄ± 7000 8000 derece civarÄ±nda ve yazÄ±n aÅŸÄ±rÄ± sÄ±caklardan Ã¶len bile oluyor. 5 trilyon kelvinin nasÄ±l bize etkisi olmuyor dÃ¼ÅŸÃ¼nÃ¼nce garip geldi. AÃ§Ä±klayabilecek var mÄ±?,2
Åehirler arasÄ±ndaki otobÃ¼s duraklarÄ± -275 derece,2
Adana daha sÄ±cak,2
gazlarÄ± yeni bititmiÅŸken karÅŸÄ±ma Ã§Ä±kan max bilgi,2
Ã§inde bir ara gÃ¼neÅŸ yapÄ±yorlardÄ± o ne oldu,2
O kadar sÄ±caklÄ±kta dÃ¼nya bile erir aq makina nasÄ±l dayanÄ±yor,2
0 Kelvin e insanÄ± dondurursak ne olur,2
Kuran'da yazÄ±yor zaten...,2
"Bizim doÄŸal gaz kombisi sanki 5 trilyon kelvinâ€™de Ã§alÄ±ÅŸÄ±yor , faturalar ise kelvin klein ",2
"Ã‡ok soru soruluyor ne gÃ¼zel. Ama bÃ¼tÃ¼n bunlarÄ±n cevabÄ± google arama motoruna yazÄ±larak zaten bulunabilecek cevaplar. Amk adam buraya benim gibi soru yazmaya Ã¼ÅŸenmiyor, arama motorlarÄ±ndan herhangi birine yazmaya Ã¼ÅŸeniyor. Ä°liminizin amk.",2
Mutlak sÄ±fÄ±r teorisi Lord Kelvin tarafÄ±ndan ortaya atÄ±lÄ±rken bizim bildiÄŸimiz tek fizikÃ§i olan Albert Einstein'in gÃ¶rselini gÃ¶rÃ¼yorsunuz.,2
"en dÃ¼ÅŸÃ¼k sÄ±caklÄ±k rekorumuz 0,006 kelvin parantez iÃ§inde otogarlar hariÃ§ deseydiniz keÅŸke ",2
Benim kalbim ona daha soÄŸuk artÄ±k...,1
Hocam planck sÄ±caklÄ±ÄŸÄ± en Ã¼st sÄ±caklÄ±k deÄŸil mi,2
MolekÃ¼ller ne yapsÄ±n Zamanda geri mi gitsinler,1
Åu ÅŸekilde ulaÅŸabiliriz: eÄŸer gÃ¼neÅŸ hiÃ§ doÄŸmasa.,2
Avrupa'nÄ±n en bÃ¼yÃ¼k gaz deposu bugÃ¼n aÃ§Ä±lÄ±yor,3
Silivri DoÄŸal Gaz Depolama Tesisi'nin aÃ§Ä±lÄ±ÅŸÄ± bugÃ¼n CumhurbaÅŸkanÄ± Recep Tayyip ErdoÄŸan tarafÄ±ndan yapÄ±lacak,3
"Patriotâ€™larÄ±n Ukraynaâ€™ya verileceÄŸine yÃ¶nelik haberlerden rahatsÄ±z olan Rusya, yine balistik fÃ¼ze kartÄ±nÄ± oynadÄ±",1
Ruslar â€œYarsâ€ fÃ¼zesine dair yeni gÃ¶rÃ¼ntÃ¼ler paylaÅŸarak batÄ±lÄ± Ã¼lkelere adeta gÃ¶zdaÄŸÄ± verdi,1
AK Parti kulislerinde â€˜Ä°mamoÄŸlu kararÄ±â€™ deÄŸerlendirmesi: OrantÄ±sÄ±z ceza istinaftan dÃ¶ner,1
Yunan devlet televizyonu muhabiri duyurdu: TÃ¼rkiye ve ABD anlaÅŸtÄ±!,3
"Peruâ€™da hÃ¼kÃ¼met, ÅŸiddet olaylarÄ± nedeniyle Ã¼lke genelinde 30 gÃ¼nlÃ¼k olaÄŸanÃ¼stÃ¼ hal ilan etti",1
Kredi kartÄ± kullananlar dikkat: YÄ±l sonunda siliniyor!,1
BeÅŸiktaÅŸ Belediyesi'nde rÃ¼ÅŸvet operasyonu! Murat Hazinedar tutuklandÄ±,1
DÃ¼nyanÄ±n karakutusu' yaÅŸananlarÄ± kaydediyor! Her ÅŸey yok olsa da o kalacak,2
DiyarbakÄ±r'da polis servisine bombalÄ± saldÄ±rÄ±!,1
Bakan Soylu: OlayÄ±n faili olduÄŸu deÄŸerlendirilen iki kiÅŸi gÃ¶zaltÄ±na alÄ±nmÄ±ÅŸtÄ±r,1
KKTC'den Trabzon'a direkt uÃ§uÅŸ baÅŸladÄ±,2
"TÃ¼rk-iÅŸ Genel BaÅŸkanÄ± ErgÃ¼n Atalay: TÃ¼rk-Ä°ÅŸ'in teklifi 9 bin lira. Verirlerse imzalarÄ±z, vermezlerse masaya oturmayÄ±z.",2
AÄŸaÃ§ keserken 70 metrelik uÃ§urumdan yuvarlanÄ±p Ã¶ldÃ¼,1
"28 Åubat hÃ¼kÃ¼mlÃ¼sÃ¼ Vural Avar, hayatÄ±nÄ± kaybetti",1
"Antalya'da Ã§ekilen 'Operation Fortune' filmi, 13 Ocak'ta gÃ¶sterime giriyor",3
Yeliz'in 'Hayat' ÅŸarkÄ±sÄ± kanserli Ã§ocuklar iÃ§in umut olacak,3
"ÅanlÄ±urfa'da otomobil devrildi: 1 Ã¶lÃ¼, 1'i bebek ve 2'siÂ Ã§ocuk 5 yaralÄ±",1
"BÄ±Ã§akladÄ±ÄŸÄ± eÅŸini, cezaevinden mektup yazÄ±p, rahatsÄ±z eden sanÄ±ÄŸa 1 yÄ±l hapis istemi",1
"Bolu, TÃ¼rkiye'nin en soÄŸuk ili oldu",2
KÄ±zÄ±nÄ± boÄŸarak Ã¶ldÃ¼ren anne iÃ§in aÄŸÄ±rlaÅŸtÄ±rÄ±lmÄ±ÅŸ mÃ¼ebbet istemi,1
Burdur'da sokaÄŸa terk edilen bebeÄŸin durumu kritik,1
UzungÃ¶l'de kar gÃ¼zelliÄŸi,3
"MuÄŸla'da tatilciler, aralÄ±kta gÃ¼neÅŸin keyfini Ã§Ä±kardÄ±",3
Hemen inÅŸaat baÅŸlar,2
Ha kesin koruyacaksanÄ±z olur,3
"""Ä°ki gÃ¶zÃ¼m Ã¶nmÃ¼me aksÄ±n ki korunacak""",2
Uzerinde arap lunaparklari yapildiktan sonra mi?,1
canÄ±na okunduktan sonra mÄ±?,1
Biraz geÃ§ olmadÄ± mÄ±?,3
Toki bu haberi beÄŸendi,2
bu sefer kesin mi,2
GeÃ§ kalÄ±ndÄ±,1
O zaman korunmayacak,1
Bari orayi gorsem korurken hazir belli olmaz,2
Salda gÃ¶lÃ¼ tarzÄ±nda bi koruma mÄ±?,2
Kesin olmayanÄ± nasÄ±l oluyor?,2
Yayla falan kalmadÄ±ki korunacakmÄ±ÅŸ mÄ±ÅŸ hadi be ordan,1
bunlar 'yarÄ±n gÃ¼nlerden Pazar' deseler inanmam,1
tamam,2
GÃ¶rsel Ayder yaylasÄ±na benzemiyor. Zira Ayder yaylasÄ±nda ÅŸuan kaÃ§ak yapÄ±laÅŸma hakim :),2
uzun gÃ¶l yapay mÄ±,2
Ã‡ok ÅŸÃ¼kÃ¼r Arap lardan gecÄ±lmÄ±yordu,3
Evet korunmus belli,3
bekci abilerimiz masa da mi?,2
Yeteri miktarda ArabÄ±n apartman dikmesine izin verdikten sonra,2
YarÄ±n iÅŸ makineleri girer,2
kusura bakmayÄ±n da yaylanÄ±n aÄŸzÄ±na Ã§oktan sÄ±Ã§Ä±ldÄ± zaten. her gittiÄŸimde iÃ§im sÄ±zlÄ±yor.,1
umarÄ±m araplar Ä±rzÄ±na geÃ§er buranÄ±n,1